model,split,doc_id,file_name,n_chars,n_tokens
Qwen/Qwen3-14B,train,34,Annex E_Non-Disclosure and Confidentiality Agreement.pdf,8585,1727
Qwen/Qwen3-14B,train,86,CopAcc_NDA-and-ToP-Mentors_2.0_2017.pdf,14944,2604
Qwen/Qwen3-14B,train,87,Cyber Mutual Assistance NDA.pdf,14967,2659
Qwen/Qwen3-14B,train,88,DBT%20Mutual%20NDA.pdf,7503,1360
Qwen/Qwen3-14B,train,89,Data Use Agreement New York City.pdf,23380,4904
Qwen/Qwen3-14B,train,91,Dealer-Pay-NDA-4.pdf,14234,2654
Qwen/Qwen3-14B,train,92,Disclosure documents.pdf,10209,1994
Qwen/Qwen3-14B,train,93,DoiT-ICN-NonDisclosure-Agreement.pdf,3519,1285
Qwen/Qwen3-14B,train,94,EFCAConfidentialityAgreement.pdf,6384,1300
Qwen/Qwen3-14B,train,95,Eskom%20Template%20Confidentiality%20and%20Non-disclosure%20Agreement%20Rev%204%20Effective%20August%202017_11.pdf,19009,3811
Qwen/Qwen3-14B,train,96,contrato_ingles_corporativo_mal.pdf,8179,1601
Qwen/Qwen3-14B,train,98,document_viewer.pdf,10259,1920
Qwen/Qwen3-14B,train,100,epsteen_nda.pdf,6476,1169
Qwen/Qwen3-14B,train,101,EUNCL_NDA_2016.pdf,11233,2255
Qwen/Qwen3-14B,train,102,Evelozcity%20OESA%20NDA.pdf,7850,1473
Qwen/Qwen3-14B,train,103,Example-Mutual-Non-Disclosure-Agreement.pdf,3574,723
Qwen/Qwen3-14B,train,104,Example-One-Way-Non-Disclosure-Agreement.pdf,3713,751
Qwen/Qwen3-14B,train,105,ExcelerateStandardNDAFormat.pdf,10715,2104
Qwen/Qwen3-14B,train,106,FELLCNDAStandardAgreement-22015.pdf,10763,1995
Qwen/Qwen3-14B,train,108,FNHA-2019RFP-02-NDA-form.pdf,5217,941
Qwen/Qwen3-14B,train,109,FSMAApprovedConfidentiality-MutualDistributor-FSMA4002.pdf,12079,2254
Qwen/Qwen3-14B,train,110,Facility-Tour-Confidentiality-and-Non-Disclosure.pdf,2675,525
Qwen/Qwen3-14B,train,111,Florida-Non-Disclosure-Agreement-NDA-Template.pdf,5076,972
Qwen/Qwen3-14B,train,112,Focus-Group-APIC-Seattle-Confidentiality-Agreement-031115.pdf,2907,540
Qwen/Qwen3-14B,train,113,FormEConfidentialityandNon.pdf,10439,1967
Qwen/Qwen3-14B,train,114,GSAOP0309-Non-disclosure-agreement.pdf,15990,3402
Qwen/Qwen3-14B,train,115,GTC_CEII_Non_Disclosure_Agmt_05111_revised.pdf,13860,2700
Qwen/Qwen3-14B,train,116,Geheimhaltungsvereinbarung_Abschlussarbeiten_HFU_englisch.pdf,5254,983
Qwen/Qwen3-14B,train,118,GreenStorm%20NDCSC.pdf,10967,2061
Qwen/Qwen3-14B,train,119,Grindrod%20SA%20Confidentiality%20and%20Non-Disclosure%20Undertaking.pdf,5289,1089
Qwen/Qwen3-14B,train,120,HALO-NDA.pdf,4062,822
Qwen/Qwen3-14B,train,121,eulerhermes-nda.pdf,6110,1154
Qwen/Qwen3-14B,train,122,example-NDA-one-way-short-form-2012-1.pdf,3584,723
Qwen/Qwen3-14B,train,123,for-41-supplier-confidentiality-agreement-and-non-disclosure-agreement.pdf,1858,336
Qwen/Qwen3-14B,train,124,form_NondisclosureBlanket.pdf,4916,983
Qwen/Qwen3-14B,train,125,HNBA-2017-18-Confidentiality-Agreement.pdf,9781,1845
Qwen/Qwen3-14B,train,126,IBC-PMS-NDA-agreement.pdf,19717,3792
Qwen/Qwen3-14B,train,128,IGC-Non-Disclosure-Agreement-LSE-Sample.pdf,17105,3287
Qwen/Qwen3-14B,train,130,INFOMAGNET%20NDA.pdf,8285,1490
Qwen/Qwen3-14B,train,131,IPTK-CO-MutualNon-DisclosureAgreement.pdf,13539,2639
Qwen/Qwen3-14B,train,132,Inaturals_NDA.pdf,5205,925
Qwen/Qwen3-14B,train,133,JB-Machine-LLC-NDA-1.pdf,17266,3259
Qwen/Qwen3-14B,train,134,JBF_NDA_rev-2017033-1.pdf,10704,1907
Qwen/Qwen3-14B,train,135,JHUNDABilateral.pdf,5061,1054
Qwen/Qwen3-14B,train,136,Kenway-NDA-Form-Blank.pdf,19025,3675
Qwen/Qwen3-14B,train,137,Kerber_Non_Disclosure_Agreement.pdf,4850,888
Qwen/Qwen3-14B,train,139,LSP-data-protection-form.drc_.pdf,4895,906
Qwen/Qwen3-14B,train,141,Lead-NDA.pdf,3590,708
Qwen/Qwen3-14B,train,142,LiiON%20NDA%202-27-2015%20v1.0.pdf,12222,2419
Qwen/Qwen3-14B,train,143,MelbourneDatathon2017NDA.pdf,6122,1238
Qwen/Qwen3-14B,train,144,helpjuice_production%2Fuploads%2Fupload%2Fimage%2F2329%2Fdirect%2F1526996160411-FullStory+Mutual+Non-Disclosure+Agreement+2018.pdf,10152,1915
Qwen/Qwen3-14B,train,145,icc-court-non-disclosure-agreement-english.pdf,10577,1950
Qwen/Qwen3-14B,train,146,ingram-non-disclosure.pdf,4612,855
Qwen/Qwen3-14B,train,147,isca-nda.pdf,13012,2454
Qwen/Qwen3-14B,train,148,khronos-mutual-nda.pdf,7227,1369
Qwen/Qwen3-14B,train,149,lti-two-way-cda-template.pdf,8937,1755
Qwen/Qwen3-14B,train,150,mcgill_mitacs_terms-january2013.pdf,24294,4783
Qwen/Qwen3-14B,train,151,MNDA-V2-2-25-15.pdf,12540,2299
Qwen/Qwen3-14B,train,153,MR_NON-DISCLOSURE-AGREEMENT.pdf,8804,1683
Qwen/Qwen3-14B,train,154,MUTUAL-CONFIDENTIAL-NON-DISCLOSURE.pdf,8273,1660
Qwen/Qwen3-14B,train,155,MUTUAL-NDA-Form-2.pdf,7169,1322
Qwen/Qwen3-14B,train,156,MUTUAL-NON-CIRCUMVENT-and-NON-DISCLOSURE-20.pdf,10449,1913
Qwen/Qwen3-14B,train,158,Model%20NDA%20(recommended%20by%20SWA).pdf,11231,2147
Qwen/Qwen3-14B,train,159,Mutual%20NDA_Confidentiality.pdf,10645,2004
Qwen/Qwen3-14B,train,160,Mutual%20Non%20Disclosure%20Agreement_0.pdf,12037,2223
Qwen/Qwen3-14B,train,161,Mutual%20Non-Disclosure%20Agreement.pdf,14082,2743
Qwen/Qwen3-14B,train,162,Mutual%20confidentiality%20and%20NDA%20-%20Final%20(2)%20(6)%2003%20July%202015.pdf,40673,8265
Qwen/Qwen3-14B,train,163,Mutual+Confidentiality+Agreement_1.pdf,11356,2215
Qwen/Qwen3-14B,train,164,Mutual-Non-Disclosure-Agreement-EN.pdf,13724,2644
Qwen/Qwen3-14B,train,166,MutualNDA_The_Knights_of_Unity.pdf,12635,2344
Qwen/Qwen3-14B,train,167,MutualNDA_Website.pdf,4804,891
Qwen/Qwen3-14B,train,168,MutualNonDisclosureAgreement0104.pdf,5166,962
Qwen/Qwen3-14B,train,169,Mutual_Nondisclosure_Agreement.pdf,16694,3090
Qwen/Qwen3-14B,train,170,NCDG_Non-disclosure-agreement.pdf,13445,2564
Qwen/Qwen3-14B,train,171,NDA_-_GWI_-_Technohubs_version_V1.pdf,6373,1356
Qwen/Qwen3-14B,train,172,NDA_10.pdf,11268,2171
Qwen/Qwen3-14B,train,173,NDA_13.pdf,7483,1429
Qwen/Qwen3-14B,train,174,NDA_17.pdf,9263,1905
Qwen/Qwen3-14B,train,176,NDA_5.pdf,3564,621
Qwen/Qwen3-14B,train,177,NDA_6.pdf,6981,1325
Qwen/Qwen3-14B,train,178,NDA_7.pdf,4398,848
Qwen/Qwen3-14B,train,179,mnda-1110.pdf,8705,1631
Qwen/Qwen3-14B,train,180,modelnondisclosureagreement1.pdf,4344,875
Qwen/Qwen3-14B,train,182,mutual_non_disclosure_agreement-20171020.pdf,10464,1981
Qwen/Qwen3-14B,train,183,nda_1.pdf,9394,1725
Qwen/Qwen3-14B,train,184,nda_11.pdf,6444,1203
Qwen/Qwen3-14B,train,186,nda_16.pdf,7571,1461
Qwen/Qwen3-14B,train,187,nda_2.pdf,6691,1276
Qwen/Qwen3-14B,train,188,nda_3.pdf,6567,1343
Qwen/Qwen3-14B,train,189,nda_8.pdf,10828,2081
Qwen/Qwen3-14B,train,191,NDA%2009%20for%20website.pdf,8256,1554
Qwen/Qwen3-14B,train,192,NDA%20Form%20WEB_WITH%20Instructions%20%28RECIPROCAL%29%20%28v%202016-03-18_EN%29.pdf,12576,2502
Qwen/Qwen3-14B,train,193,NDA%20UDRC%203-way%20Final.pdf,10380,2037
Qwen/Qwen3-14B,train,194,NDA%20for%20Tender%20Ref%202201000050.pdf,11532,2223
Qwen/Qwen3-14B,train,195,NDA-2015-2.pdf,5953,1125
Qwen/Qwen3-14B,train,196,NDA-2016-DAB.pdf,11806,2255
Qwen/Qwen3-14B,train,197,NDA-Agreement-NPAF.pdf,15646,2849
Qwen/Qwen3-14B,train,198,NDA-Artop-Inno-2017.pdf,7291,1384
Qwen/Qwen3-14B,train,199,NDA-Broker-Seller-for-Company-6-19-17.pdf,10545,1967
Qwen/Qwen3-14B,train,200,NDA-CRG-ALL-2.pdf,6981,1291
Qwen/Qwen3-14B,train,201,NDA-Dollar-General-Portfolio.pdf,8366,1584
Qwen/Qwen3-14B,train,202,NDA-Fintricity-Blank.pdf,11721,2233
Qwen/Qwen3-14B,train,203,NDA-Instructions-Agreement-Attachment.pdf,20129,4027
Qwen/Qwen3-14B,train,204,NDA-M5-Systems.pdf,6366,1169
Qwen/Qwen3-14B,train,206,NDA-ONSemi_IndustryAnalystConf-2011.pdf,9361,1699
Qwen/Qwen3-14B,train,207,NDA-Prasad.pdf,6006,1133
Qwen/Qwen3-14B,train,208,NDA-ROI-Corporation.pdf,4810,871
Qwen/Qwen3-14B,train,209,NDA-STP-Performance-Coating-revC.pdf,11180,2177
Qwen/Qwen3-14B,train,210,NDA-Seeed.pdf,10933,2067
Qwen/Qwen3-14B,train,211,NDA-SqillerBetaTesters.pdf,7929,1655
Qwen/Qwen3-14B,train,214,NDA-editable.pdf,3822,766
Qwen/Qwen3-14B,train,215,NDA-for-Gar-Kenyon-Suppliers.pdf,5221,996
Qwen/Qwen3-14B,train,216,NDA-standard.pdf,9254,1716
Qwen/Qwen3-14B,train,217,NDA.pdf,4560,883
Qwen/Qwen3-14B,train,219,NDATC.pdf,6148,1118
Qwen/Qwen3-14B,train,220,NDATyre%20Plant.pdf,12802,2636
Qwen/Qwen3-14B,train,221,NDA_118.pdf,10750,2068
Qwen/Qwen3-14B,train,222,NDA_22.pdf,12472,2614
Qwen/Qwen3-14B,train,223,NDA_English.pdf,10280,1994
Qwen/Qwen3-14B,train,224,NDA_Mutual_template2_5_2019.pdf,11883,2170
Qwen/Qwen3-14B,train,226,NDA_Sample.pdf,4520,799
Qwen/Qwen3-14B,train,229,NDA_VPI.pdf,3908,784
Qwen/Qwen3-14B,train,230,NDA_and_assgmnt_of_ipMar2011.pdf,9552,1920
Qwen/Qwen3-14B,train,231,NDA_eng.pdf,9707,1984
Qwen/Qwen3-14B,train,232,NDA_for_Raffles_Translation_Website.pdf,9768,1891
Qwen/Qwen3-14B,train,233,NDA_template.pdf,6217,1153
Qwen/Qwen3-14B,train,234,NDCA.pdf,3616,667
Qwen/Qwen3-14B,train,235,NDD.pdf,4051,760
Qwen/Qwen3-14B,train,236,nda-employee-template.pdf,11481,2085
Qwen/Qwen3-14B,train,237,nda-format-approved-by-legal-section.pdf,10462,2026
Qwen/Qwen3-14B,train,238,nda2.pdf,7601,1408
Qwen/Qwen3-14B,train,239,nda_19.pdf,2041,374
Qwen/Qwen3-14B,train,240,nda_form_motorola.pdf,2712,931
Qwen/Qwen3-14B,train,241,nda_gtl_inria.pdf,4558,996
Qwen/Qwen3-14B,train,242,nda_pine__en.pdf,8548,1734
Qwen/Qwen3-14B,train,243,nda_template_final.pdf,14078,2603
Qwen/Qwen3-14B,train,244,NEW_moi_ndform.pdf,7380,1399
Qwen/Qwen3-14B,train,245,NMLS%20Accessibility%20NDA.pdf,14938,2674
Qwen/Qwen3-14B,train,246,NON-DISCLOSURE-AGREEMENT_13.pdf,3676,787
Qwen/Qwen3-14B,train,247,NON-Disclosure_Agreement_2.pdf,14958,2940
Qwen/Qwen3-14B,train,248,NON_DISCLOSURE_AGREEMENT_5.pdf,7261,1371
Qwen/Qwen3-14B,train,249,New_York_City_Bar_Association_Model_Form_of_Non-Disclosure_Agreement_2015.pdf,33405,6480
Qwen/Qwen3-14B,train,250,Non Disclosure Agreement - CP Specific NDA (CreativeNDA-CPS121.1014).pdf,19254,3710
Qwen/Qwen3-14B,train,251,Non-Discl_Reciprocal_2.pdf,6302,1102
Qwen/Qwen3-14B,train,252,Non-Disclosure-Agreement-1.pdf,3127,611
Qwen/Qwen3-14B,train,253,Non-Disclosure-Agreement-9-1-2018.pdf,6654,1351
Qwen/Qwen3-14B,train,254,Non-Disclosure-Agreement_10.pdf,6622,1211
Qwen/Qwen3-14B,train,255,Non-Disclosure-Agreement_11.pdf,11831,2172
Qwen/Qwen3-14B,train,256,Non-Disclosure-Agreement_12.pdf,8741,1526
Qwen/Qwen3-14B,train,257,Non-Disclosure-Agreement_3.pdf,9071,1712
Qwen/Qwen3-14B,train,258,Non-Disclosure-Agreement_4.pdf,21912,4073
Qwen/Qwen3-14B,train,259,Non-Disclosure-Agreement_6.pdf,2697,449
Qwen/Qwen3-14B,train,260,Non-Disclosure-Agreement_ALL_englisch.pdf,6009,1255
Qwen/Qwen3-14B,train,261,Non-Disclosure-Agreement_PreviewOnly.pdf,11921,2330
Qwen/Qwen3-14B,train,262,Non-Disclosure_Agreement_oct2009.pdf,3532,571
Qwen/Qwen3-14B,train,263,Non-Disclosure_Agreement_one_way_2014.pdf,9251,1755
Qwen/Qwen3-14B,train,264,Non-disclosure-Agreement_7.pdf,5084,965
Qwen/Qwen3-14B,train,265,Non-disclosure-Agreement_9.pdf,6876,1266
Qwen/Qwen3-14B,train,267,Non_Disclosure_Agreement_1.pdf,9241,1704
Qwen/Qwen3-14B,train,268,Non_Disclosure_Agreement_2.pdf,9906,1891
Qwen/Qwen3-14B,train,269,Non_Disclosure_Agreement_3.pdf,6108,1233
Qwen/Qwen3-14B,train,270,Non_Disclosure_Canada_BC.pdf,6583,1151
Qwen/Qwen3-14B,train,271,Non_disclodure_contract.pdf,6016,1224
Qwen/Qwen3-14B,train,272,nistmodelndareceiptofproprietaryinformationv20162fillableforwebsitedoc003pdf.pdf,5941,1203
Qwen/Qwen3-14B,train,273,non-disclosure-agreement_1.pdf,27460,5653
Qwen/Qwen3-14B,train,274,non-disclosure-agreement_2.pdf,7913,1440
Qwen/Qwen3-14B,train,275,non-disclosure-agreement_5.pdf,10646,2048
Qwen/Qwen3-14B,train,276,non-disclosure-agreement_8.pdf,6981,1212
Qwen/Qwen3-14B,train,277,non-disclosure_201302814_english_.pdf,7095,1411
Qwen/Qwen3-14B,train,278,non-disclosure_agreement.pdf,1863,329
Qwen/Qwen3-14B,train,279,non-disclosure_agreement_1.pdf,5887,1169
Qwen/Qwen3-14B,train,280,non-disclosure_confidentiality_agreement.pdf,8431,1713
Qwen/Qwen3-14B,train,281,NRSC_2015_NDAForm.pdf,18054,3558
Qwen/Qwen3-14B,train,282,NU%20Confidentiality%20Non-Disclosure%20%20Information%20Security%20Agreement%20Final%20....pdf,6146,1096
Qwen/Qwen3-14B,train,283,NUSD-Non-Disclosure-Agreement.pdf,11523,2120
Qwen/Qwen3-14B,train,284,Non%20Disclosure%20Agreement_1.pdf,3502,628
Qwen/Qwen3-14B,train,285,Non-Disclosure%20Agreement%202015.pdf,5588,1002
Qwen/Qwen3-14B,train,286,Non-Disclosure%20Agreement_3.pdf,10923,2082
Qwen/Qwen3-14B,train,287,Non-Disclosure%20Agreement_5.pdf,13665,2542
Qwen/Qwen3-14B,train,288,Non-Disclosure-Agreement-FORS-Cert-Body.pdf,6519,1312
Qwen/Qwen3-14B,train,290,Non-Disclosure-Agreement-v1.pdf,3453,619
Qwen/Qwen3-14B,train,291,Non-Disclosure-Agreement.pdf,6547,1216
Qwen/Qwen3-14B,train,292,Non-Disclosure-NDA-UW-Oshkosh_FINALV2.pdf,8041,1536
Qwen/Qwen3-14B,train,294,Non-Disclosure-SmartCMS.pdf,24758,5075
Qwen/Qwen3-14B,train,295,Non-Disclosure-form.pdf,1481,275
Qwen/Qwen3-14B,train,297,Non-disclosure%20Agreement_1.pdf,25342,4972
Qwen/Qwen3-14B,train,298,Non-disclosure%20agreement_2.pdf,10040,1927
Qwen/Qwen3-14B,train,299,Non-disclosure.pdf,3978,737
Qwen/Qwen3-14B,train,300,NonDisEC12212010.pdf,9566,1772
Qwen/Qwen3-14B,train,302,NonDisclosureAgreement_1.pdf,5254,1088
Qwen/Qwen3-14B,train,303,NondisclosureAgreement_2.pdf,14776,2913
Qwen/Qwen3-14B,train,304,O00216-000899A.pdf,12433,2357
Qwen/Qwen3-14B,train,305,OMA-TestFest-NDA-2017.pdf,16688,3123
Qwen/Qwen3-14B,train,306,One_way_NDA_EIPRHD_pdf_v1_11.03.2013.pdf,12465,2406
Qwen/Qwen3-14B,train,308,non-disclosure-agreement-mutual-generic-blank.pdf,5466,947
Qwen/Qwen3-14B,train,309,non-disclosure-agreement-template-netherlands-may-2012.pdf,12338,2411
Qwen/Qwen3-14B,train,311,non-disclosure-agreement-to-public-tender-for-fleet-and-bus-services-f-2854607.pdf,13104,2432
Qwen/Qwen3-14B,train,312,nondisclosure-Engl.pdf,10678,2123
Qwen/Qwen3-14B,train,313,nondisclosure.pdf,6052,1116
Qwen/Qwen3-14B,train,314,nondisclosureagreement.pdf,11466,2157
Qwen/Qwen3-14B,train,315,oceaneering-non-disclosure-agreement.pdf,5707,1137
Qwen/Qwen3-14B,train,316,one-way_nda_ji_form.pdf,9598,1737
Qwen/Qwen3-14B,train,317,OOR104E_Non-Disclosure_Agreement-Company.pdf,19954,3907
Qwen/Qwen3-14B,train,318,One-Way-Non-Disclosure-Agreement-EN.pdf,12766,2553
Qwen/Qwen3-14B,train,319,P27CB13028.pdf,9763,1933
Qwen/Qwen3-14B,train,320,Petrolube_NDA.pdf,10698,2247
Qwen/Qwen3-14B,train,322,Proctor_Agreement.pdf,3634,681
Qwen/Qwen3-14B,train,323,Project%20LAS%20RFI%20Non-Disclosure%20Agreement.pdf,11072,2105
Qwen/Qwen3-14B,train,324,ProtectedData-MMD-NonDisclosureAgreementSubmissionInstructions.pdf,8707,1714
Qwen/Qwen3-14B,train,325,partner_nda_en.pdf,11958,2252
Qwen/Qwen3-14B,train,326,pp%2011%20-%20non-disclosure%20agreement%20mutual.pdf,14725,2953
Qwen/Qwen3-14B,train,327,PS20131165-Non-DisclosureAgreement.pdf,10075,1970
Qwen/Qwen3-14B,train,328,PSGT Agreement NDA New Supplier Non Disclosure Template DC.pdf,14774,2847
Qwen/Qwen3-14B,train,329,QEP-Williston-Form-of-Confidentiality-Agreement-BMO.pdf,22117,4151
Qwen/Qwen3-14B,train,330,QSA_NDA.pdf,3341,614
Qwen/Qwen3-14B,train,331,QuickBooks-NDA-template.pdf,8105,1354
Qwen/Qwen3-14B,train,332,RFP20171008-RFPPublishingNotice.pdf,13942,2743
Qwen/Qwen3-14B,train,333,RFP_Telephony-NDA_Attachment-F.pdf,4525,845
Qwen/Qwen3-14B,train,334,RROI_Confidentiality_Agreement_Final.pdf,23617,4486
Qwen/Qwen3-14B,train,335,Roundhouse-Creative-Mutual-NDA.pdf,6615,1203
Qwen/Qwen3-14B,train,337,SE_NDCA_and_PRE-QUAL_PACKAGE_March-2016.pdf,14026,2539
Qwen/Qwen3-14B,train,338,SINTEC-UK-LTD-Non-disclosure-agreement-2017.pdf,7930,1555
Qwen/Qwen3-14B,train,339,SMT-R-100-01-NON-DISCLOSURE-AGREEMENT.pdf,2248,443
Qwen/Qwen3-14B,train,340,SONGS%20RFP%20Confidentiality%20Agreement_201705051754392249.pdf,10670,2070
Qwen/Qwen3-14B,train,341,Sample NonDisclosure Agreement.pdf,11668,2235
Qwen/Qwen3-14B,train,342,Sample%20NDA%202018.pdf,9622,1762
Qwen/Qwen3-14B,train,343,Section%2013%20Non-Disclosure%20Agreement.pdf,12329,2333
Qwen/Qwen3-14B,train,344,Sony%20Pictures%20Television%20NDA%20(Executed).pdf,28304,5290
Qwen/Qwen3-14B,train,345,Standard%20NDA%20by%20Axial.pdf,11387,2186
Qwen/Qwen3-14B,train,346,Startup_Pack_nondisclosure_agreement.pdf,13207,2640
Qwen/Qwen3-14B,train,347,SupplementOne-NDA.pdf,8959,1779
Qwen/Qwen3-14B,train,348,Supplier_Non-Disclosure_Agreement.pdf,10959,1978
Qwen/Qwen3-14B,train,349,Supplier_Non_Disclosure.pdf,14075,2632
Qwen/Qwen3-14B,train,350,T:\proc_notices\notices_020_k\notice_doc_18628_158011843.pdf,9751,1773
Qwen/Qwen3-14B,train,351,TSE-TSE-OK-WHK-Mutual-NDA-Fill-in-Blanks-4-29-2019.pdf,11634,2222
Qwen/Qwen3-14B,train,352,TabunKitchenInvestments-NDA.pdf,9888,1909
Qwen/Qwen3-14B,train,353,Tazza-CAFFE-Confidentiality-Agreement.pdf,8468,1713
Qwen/Qwen3-14B,train,355,Template-NDA.pdf,20439,3813
Qwen/Qwen3-14B,train,356,Third-Party Non-Disclosure Agreement.pdf,8799,1589
Qwen/Qwen3-14B,train,358,US-Non-Disclosure-Agreement.pdf,6690,1265
Qwen/Qwen3-14B,train,359,US_Non-Disclosure_Agreement_v2_2015.pdf,8333,1550
Qwen/Qwen3-14B,train,360,UT_Universal_NDA_2014_OIE.pdf,11009,2075
Qwen/Qwen3-14B,train,362,WEB-NDA-Mutual-Customer-and-Allazo-Electronics-v2.pdf,11977,2239
Qwen/Qwen3-14B,train,363,WEBSITE%20MNDA.pdf,12166,2313
Qwen/Qwen3-14B,train,364,WECC_Confidentiality_Agreement.pdf,8645,1702
Qwen/Qwen3-14B,train,365,resolution-2012-03-014r.pdf,10847,2097
Qwen/Qwen3-14B,train,366,resources-non-disclosure-agreement.pdf,6641,1190
Qwen/Qwen3-14B,train,367,rqnda.pdf,9144,1763
Qwen/Qwen3-14B,train,368,sample-nrel-bilateral-nda-template.pdf,9269,1881
Qwen/Qwen3-14B,train,369,sample_nda.pdf,16241,2948
Qwen/Qwen3-14B,train,370,simply-fashion---standard-nda.pdf,12605,2280
Qwen/Qwen3-14B,train,371,sm-fm-14-01-rev-1-reciprocal-non-disclosure-agreement.pdf,10074,2024
Qwen/Qwen3-14B,train,372,standard_clinical_trial_nda2.pdf,6035,1173
Qwen/Qwen3-14B,train,373,standard_nda.pdf,10785,2032
Qwen/Qwen3-14B,train,374,stony_hill_buyer_nda.pdf,9255,1701
Qwen/Qwen3-14B,train,375,thoughtbot-mutual-nda.pdf,6112,1153
Qwen/Qwen3-14B,train,376,tpi-non-disclosure-agreement_1.pdf,11012,2144
Qwen/Qwen3-14B,train,377,ttp-nda.pdf,6738,1264
Qwen/Qwen3-14B,train,378,vmw-certification-conduct-policy.pdf,3428,654
Qwen/Qwen3-14B,train,379,wayne-fueling-systems-mutual-non-disclosure-agreement-final.pdf,12887,2436
Qwen/Qwen3-14B,train,380,ws-confidentiality-and-non-disclosure-agreement.pdf,11650,2436
Qwen/Qwen3-14B,train,382,24104_0000024104-96-000010_document_3.txt,9169,1960
Qwen/Qwen3-14B,train,383,26820_0000936392-03-001111_a92217exv10w5.txt,15342,3135
Qwen/Qwen3-14B,train,384,32251_0000950133-99-003991_document_17.txt,10271,1927
Qwen/Qwen3-14B,train,385,354452_0000950123-99-011178_document_13.txt,10794,2102
Qwen/Qwen3-14B,train,386,356841_0000950109-98-003750_document_2.txt,4988,1002
Qwen/Qwen3-14B,train,388,69067_0000927016-00-002123_0010.txt,8891,1696
Qwen/Qwen3-14B,train,390,731947_0000950123-02-007159_y62132e3exv99wdw21.txt,5629,1096
Qwen/Qwen3-14B,train,391,736291_0000930661-99-001320_document_3.txt,18349,3858
Qwen/Qwen3-14B,train,393,769592_0000950133-02-003341_w64132exv10w4.txt,6780,1350
Qwen/Qwen3-14B,train,394,770461_0001144204-05-023830_v022988_ex10-6.txt,13454,2752
Qwen/Qwen3-14B,train,396,87814_0000930661-96-001456_document_4.txt,5438,1055
Qwen/Qwen3-14B,train,397,87888_0000912057-97-029111_document_6.txt,14841,3148
Qwen/Qwen3-14B,train,399,96238_0000950103-97-000583_document_4.txt,13914,2693
Qwen/Qwen3-14B,train,402,1006459_0000912057-97-027623_document_19.txt,3290,663
Qwen/Qwen3-14B,train,403,770461_0001144204-06-041516_v054278_ex10-7.txt,14783,3026
Qwen/Qwen3-14B,train,404,799485_0000950136-00-001643_0013.txt,15735,3063
Qwen/Qwen3-14B,train,407,816955_0000899243-97-001962_document_4.txt,15632,3081
Qwen/Qwen3-14B,train,409,828957_0000950109-98-001266_document_19.txt,12223,2285
Qwen/Qwen3-14B,train,410,859119_0000950123-98-001418_document_15.txt,16129,3061
Qwen/Qwen3-14B,train,414,897730_0000950136-98-001457_document_7.txt,7436,1452
Qwen/Qwen3-14B,train,415,899240_0000912057-01-007226_a2040095zex-99_9d1.txt,10998,2123
Qwen/Qwen3-14B,train,416,900091_0001047469-97-003029_document_4.txt,8423,1635
Qwen/Qwen3-14B,train,417,912592_0000929624-98-000842_document_20.txt,12048,2588
Qwen/Qwen3-14B,train,418,912643_0001045969-00-000244_document_3.txt,6785,1201
Qwen/Qwen3-14B,train,419,913949_0000950149-96-000782_document_6.txt,3650,733
Qwen/Qwen3-14B,train,420,916529_0000927016-97-001071_document_2.txt,4623,1016
Qwen/Qwen3-14B,train,421,917253_0000917253-00-000008_document_8.txt,21849,4216
Qwen/Qwen3-14B,train,422,920729_0000891618-96-000819_document_6.txt,11134,2102
Qwen/Qwen3-14B,train,423,922237_0000950005-02-000645_p15515_ex10-19.txt,7720,1416
Qwen/Qwen3-14B,train,424,922913_0000943440-00-000122_document_2.txt,3815,796
Qwen/Qwen3-14B,train,425,922913_0000943440-00-000294_0004.txt,4194,860
Qwen/Qwen3-14B,train,426,925544_0000950144-00-010739_ex99-d4.txt,7635,1485
Qwen/Qwen3-14B,train,427,925942_0001047469-98-029396_document_13.txt,13416,2563
Qwen/Qwen3-14B,train,428,930796_0000950123-05-001407_y05539exv99w5.txt,12110,2215
Qwen/Qwen3-14B,train,430,935703_0001047469-98-030238_document_4.txt,21400,4474
Qwen/Qwen3-14B,train,431,938733_0000912057-99-002412_document_3.txt,15090,2994
Qwen/Qwen3-14B,train,434,1012459_0000912057-97-027209_document_4.txt,8748,1666
Qwen/Qwen3-14B,train,436,1013687_0000950144-96-001973_document_37.txt,4192,756
Qwen/Qwen3-14B,train,437,1013687_0000950144-96-001973_document_38.txt,7449,1239
Qwen/Qwen3-14B,train,438,1014552_0000950148-01-500497_v71961toex99-d3.txt,19793,3778
Qwen/Qwen3-14B,train,439,1014959_0000950116-96-000618_document_7.txt,10833,2210
Qwen/Qwen3-14B,train,441,1017358_0001017358-97-000002_document_4.txt,8889,1752
Qwen/Qwen3-14B,train,442,1017545_0001012870-97-001500_document_2.txt,4181,787
Qwen/Qwen3-14B,train,443,1018761_0000950130-96-004285_document_6.txt,2416,482
Qwen/Qwen3-14B,train,445,1021096_0000914317-03-001205_ex2-2.txt,6585,1323
Qwen/Qwen3-14B,train,447,1029445_0000940180-97-000212_document_12.txt,9936,2206
Qwen/Qwen3-14B,train,448,1030471_0001012870-01-501268_dex1065.txt,5842,1078
Qwen/Qwen3-14B,train,449,1031896_0000950147-01-501725_ex10-8.txt,2123,442
Qwen/Qwen3-14B,train,450,1039399_0000891618-02-001883_f80848orex10-19.txt,11160,2088
Qwen/Qwen3-14B,train,453,1043431_0000950133-00-000090_document_15.txt,6366,1264
Qwen/Qwen3-14B,train,454,1044777_0000950124-98-000388_document_7.txt,1927,421
Qwen/Qwen3-14B,train,457,1052946_0000950134-98-001627_document_4.txt,2498,569
Qwen/Qwen3-14B,train,458,1053949_0001005150-98-000126_document_8.txt,4140,778
Qwen/Qwen3-14B,train,459,1061148_0001047469-98-018914_document_17.txt,12600,2498
Qwen/Qwen3-14B,train,460,1062579_0000950123-99-005018_document_3.txt,8264,1675
Qwen/Qwen3-14B,train,461,1062760_0001015402-05-001930_doc17.txt,5616,1106
Qwen/Qwen3-14B,train,462,1065748_0000950131-00-004465_0016.txt,6094,1224
Qwen/Qwen3-14B,train,463,1067797_0001032210-99-000668_document_8.txt,11027,2056
Qwen/Qwen3-14B,train,464,1070052_0000950130-01-501801_dex99d2.txt,13038,2464
Qwen/Qwen3-14B,train,466,1074663_0001090002-01-500104_ex102.txt,5452,1265
Qwen/Qwen3-14B,train,467,1077050_0000950147-99-000049_document_10.txt,10470,2044
Qwen/Qwen3-14B,train,468,1077150_0001077048-99-000003_document_23.txt,3642,740
Qwen/Qwen3-14B,train,469,1077150_0001077048-99-000003_document_25.txt,9750,1868
Qwen/Qwen3-14B,train,470,1082797_0000950131-01-501837_dex99d2.txt,7500,1494
Qwen/Qwen3-14B,train,472,1085220_0001014909-04-000090_exh6_3.txt,6957,1314
Qwen/Qwen3-14B,train,473,1089717_0000898430-99-004004_document_2.txt,7566,1368
Qwen/Qwen3-14B,train,474,1089786_0000912057-00-052660_a2032473zex-99_e2.txt,14200,2700
Qwen/Qwen3-14B,train,475,1094017_0000921895-00-000237_document_5.txt,7441,1439
Qwen/Qwen3-14B,train,477,1095563_0000950168-99-002585_document_2.txt,10852,2094
Qwen/Qwen3-14B,train,481,1100182_0001107049-00-000014_document_23.txt,7371,1460
Qwen/Qwen3-14B,train,483,1101204_0001085037-00-000208_0015.txt,7033,1421
Qwen/Qwen3-14B,train,484,1102301_0001094328-04-000141_freesarex23052004.txt,9047,1843
Qwen/Qwen3-14B,train,485,1103062_0001017951-00-000016_document_13.txt,10282,1927
Qwen/Qwen3-14B,train,487,1105503_0000950123-00-006736_ex10-14.txt,8095,1584
Qwen/Qwen3-14B,train,489,1108906_0000889812-00-001212_document_45.txt,5198,1003
Qwen/Qwen3-14B,train,490,1111682_0000950123-00-003802_document_15.txt,4219,888
Qwen/Qwen3-14B,train,492,1120792_0001019687-05-001599_morgan_sb2a1-ex1408.txt,8516,1653
Qwen/Qwen3-14B,train,494,1123713_0001021408-00-003137_0016.txt,9916,1885
Qwen/Qwen3-14B,train,495,1125576_0000928385-02-000738_dex991d2.txt,4427,916
Qwen/Qwen3-14B,train,499,1178133_0000950131-03-000129_dex1013.txt,9711,1896
Qwen/Qwen3-14B,train,500,1240722_0001161697-03-000454_exhibit_10-12.txt,10955,2341
Qwen/Qwen3-14B,train,501,1285543_0001013762-05-000550_may52005sb2ex1019.txt,4708,950
Qwen/Qwen3-14B,train,502,1420529_0001145549-08-000077_h00839a1exv10w4.txt,12711,2406
Qwen/Qwen3-14B,train,503,103884_0001193125-12-338104_d390544dex99d3.htm,14644,2813
Qwen/Qwen3-14B,train,504,14803_0001047469-04-012846_a2134202zex-99_e3.htm,17572,3486
Qwen/Qwen3-14B,train,505,25895_0000950134-07-023464_d51356exv10w1.htm,15460,3188
Qwen/Qwen3-14B,train,509,55805_0001145443-10-001028_d26631_ex99-d3.htm,14356,2737
Qwen/Qwen3-14B,train,512,703339_0001387308-13-000090_ex101.htm,16947,3302
Qwen/Qwen3-14B,train,513,703361_0001193125-12-242586_d356019dex9910.htm,14244,2595
Qwen/Qwen3-14B,train,515,714562_0001104659-19-001345_a18-42231_6ex10d8.htm,29627,5611
Qwen/Qwen3-14B,train,516,741696_0001193125-10-290887_dex99d9.htm,16948,3269
Qwen/Qwen3-14B,train,517,75448_0001193125-05-158309_dex99d4.htm,10147,1921
Qwen/Qwen3-14B,train,518,768262_0001193125-10-128597_dex99d2.htm,21972,4160
Qwen/Qwen3-14B,train,519,792130_0001193125-18-326077_d601641dex99d3.htm,24194,4641
Qwen/Qwen3-14B,train,520,801338_0000950134-07-015617_c16542toexv99wxdyx5y.htm,4679,920
Qwen/Qwen3-14B,train,522,803647_0001047469-17-006266_a2233487zex-99_d2.htm,10964,2048
Qwen/Qwen3-14B,train,524,832995_0000912057-00-054331_a2033550zex-99_d13.htm,20210,3878
Qwen/Qwen3-14B,train,525,845818_0001193125-11-195725_dex99d8.htm,18357,3484
Qwen/Qwen3-14B,train,527,858452_0001193125-12-123549_d317599dex99d3.htm,12933,2398
Qwen/Qwen3-14B,train,529,863895_0001144204-05-038795_v030731_ex10-2.htm,5430,1030
Qwen/Qwen3-14B,train,530,865415_0001047469-15-007494_a2226057zex-99_d4.htm,11825,2280
Qwen/Qwen3-14B,train,531,874265_0001193125-05-138436_dex99d1.htm,23979,4439
Qwen/Qwen3-14B,train,534,880562_0001193125-15-346821_d93800dex3.htm,19281,3656
Qwen/Qwen3-14B,train,535,881790_0001104659-12-052730_a12-17284_1ex99d1.htm,15724,3042
Qwen/Qwen3-14B,train,536,888953_0001193125-13-044630_d480503dex99e6.htm,20887,4052
Qwen/Qwen3-14B,train,538,912263_0001104659-12-004811_a12-3671_1ex2.htm,23747,4734
Qwen/Qwen3-14B,train,541,1001917_0000950123-08-007542_y61533exv99wdw3.htm,10240,1966
Qwen/Qwen3-14B,train,545,1013240_0001047469-04-010350_a2132633zex-10_22.htm,13795,2883
Qwen/Qwen3-14B,train,548,1041550_0001104659-19-001346_a18-42231_6ex10d8.htm,29627,5612
Qwen/Qwen3-14B,train,550,1045080_0001047469-02-004620_a2094681zex-99_d5.htm,10766,2086
Qwen/Qwen3-14B,train,551,1046880_0001193125-11-323050_d262064dex992.htm,16689,3140
Qwen/Qwen3-14B,train,553,1053352_0001104659-07-049383_a07-17151_1ex10d5.htm,22591,4510
Qwen/Qwen3-14B,train,554,1053374_0001144204-18-062970_tv508217_ex-d2.htm,11863,2240
Qwen/Qwen3-14B,train,556,1063085_0000950134-09-011390_f52580exv99wxeyx3y.htm,23184,4303
Qwen/Qwen3-14B,train,557,1068874_0001068874-07-000012_ex10_2.htm,14473,3036
Qwen/Qwen3-14B,train,559,1089029_0000950123-07-007908_y31303a1exv10w13.htm,3909,841
Qwen/Qwen3-14B,train,560,1094007_0001193125-10-258977_dex101.htm,6981,1326
Qwen/Qwen3-14B,train,561,1094038_0000950134-05-007541_d23996exv10w4.htm,8972,1867
Qwen/Qwen3-14B,train,562,1094348_0001144204-18-026846_tv493416_exd2.htm,22111,4039
Qwen/Qwen3-14B,train,566,1112422_0000950153-08-001257_p75864exv99wxeyx4y.htm,21679,4155
Qwen/Qwen3-14B,train,567,1112999_0001193125-08-214471_dex105.htm,11978,2418
Qwen/Qwen3-14B,train,568,1113303_0000892917-12-000026_stilffnw13d120112am2ex3.htm,6217,1286
Qwen/Qwen3-14B,train,569,1119985_0001047469-04-035924_a2147858zex-2_5.htm,15000,2897
Qwen/Qwen3-14B,train,570,1142512_0001193125-14-269726_d757168dex99e3.htm,12640,2386
Qwen/Qwen3-14B,train,571,1163932_0001193125-13-394191_d606730dex99d2.htm,23750,4489
Qwen/Qwen3-14B,train,572,1167294_0001193125-15-218134_d933068dex99d3.htm,32601,6078
Qwen/Qwen3-14B,train,573,1175638_0000912057-02-024619_a2082526zex-10_3.htm,5743,1255
Qwen/Qwen3-14B,train,574,1177845_0001193125-18-219243_d519554dex99d3.htm,26398,5088
Qwen/Qwen3-14B,train,576,1274644_0001193125-17-338759_d485523dex99d2.htm,9119,1828
Qwen/Qwen3-14B,train,577,1277090_0001104659-05-057084_a05-20673_1ex10.htm,11572,2203
Qwen/Qwen3-14B,train,578,1277141_0001193125-15-184193_d923647dex99d2.htm,24922,4723
Qwen/Qwen3-14B,train,579,1280058_0001193125-12-023311_d287213dex99d3.htm,21900,4134
Qwen/Qwen3-14B,train,580,1288379_0000950123-07-003101_y31044exv99wdw5.htm,16452,3339
Qwen/Qwen3-14B,train,581,1288379_0000950123-07-003101_y31044exv99wdw6.htm,18216,3629
Qwen/Qwen3-14B,train,583,913610_0001047469-03-027395_a2116567zex-99_e3.htm,19444,3691
Qwen/Qwen3-14B,train,587,918541_0001193125-14-328980_d785003dex105.htm,16499,3434
Qwen/Qwen3-14B,train,588,931784_0001104659-07-068716_a07-23871_1ex2.htm,20705,3930
Qwen/Qwen3-14B,train,589,948850_0000950123-10-020820_p17071exv99wew4.htm,14161,2707
Qwen/Qwen3-14B,train,592,1323115_0000950123-10-098499_c60911exv99wdw3.htm,10982,2096
Qwen/Qwen3-14B,train,593,1329919_0001193125-14-149149_d701401dex99d6.htm,29866,5588
Qwen/Qwen3-14B,train,594,1332602_0001193125-12-512465_d454990dex99d2.htm,22412,4230
Qwen/Qwen3-14B,train,597,1363033_0001144204-06-024852_v045245_ex10-8.htm,6051,1317
Qwen/Qwen3-14B,train,599,1367408_0001367408-06-000002_risb2ex105.htm,2169,474
Qwen/Qwen3-14B,train,602,1372664_0001193125-12-159071_d333885dex99d9.htm,19715,3871
Qwen/Qwen3-14B,train,603,1373467_0001096350-07-000140_ex99threea.htm,8881,1813
Qwen/Qwen3-14B,train,604,1373671_0001193125-10-265249_dex99d3.htm,21969,4138
Qwen/Qwen3-14B,train,607,1413447_0001193125-16-771498_d295023dex99d5.htm,28008,5256
Qwen/Qwen3-14B,train,608,1424657_0001213900-16-016691_f8k082516ex99iii_nextgroup.htm,6715,1254
Qwen/Qwen3-14B,train,609,1430300_0000950152-08-005260_l32384aexv10w7.htm,1655,334
Qwen/Qwen3-14B,train,612,1466739_0001002014-12-000470_exh10-4.htm,5609,1072
Qwen/Qwen3-14B,train,613,1473637_0001432093-12-000764_ex10-34.htm,8033,1601
Qwen/Qwen3-14B,train,614,1475274_0001567619-17-000751_s001644x1_exd-2.htm,23175,4517
Qwen/Qwen3-14B,train,615,1485469_0001193125-19-222469_d760929dex99d3.htm,35147,6810
Qwen/Qwen3-14B,train,616,1487101_0001140361-19-008970_nc10001202x4_ex-d2.htm,24331,4627
Qwen/Qwen3-14B,train,617,1501697_0001193125-19-145463_d944716dex108.htm,6359,1192
Qwen/Qwen3-14B,train,618,1561604_0001193125-12-472390_d438799dex99d3.htm,25313,4989
Qwen/Qwen3-14B,train,619,1574111_0001193125-14-440569_d826999dex99d5.htm,14589,2765
Qwen/Qwen3-14B,train,620,1592288_0001193125-17-306543_d469659dex99e2.htm,22348,4281
Qwen/Qwen3-14B,train,621,1609351_0001193125-19-066373_d642137dex99d2.htm,20752,3920
Qwen/Qwen3-14B,train,622,1628908_0001193125-15-169530_d838828dex1016.htm,54571,11532
Qwen/Qwen3-14B,train,623,1689602_0001144204-16-140940_v455386_ex10-3.htm,18476,3497
Qwen/Qwen3-14B,train,624,1693664_0001193125-18-171470_d426098dex99d3.htm,24865,4755
Qwen/Qwen3-14B,dev,3,09-24-2019-04-25-05-3914910473.pdf,11142,2128
Qwen/Qwen3-14B,dev,7,1438076025NDA_28072015%20-%20AHPL.pdf,29838,5921
Qwen/Qwen3-14B,dev,9,17.04.01%20BPS%20Non-Disclosure%20and%20Data%20Sharing%20Agreement%20-%20Transportation%20Challenge%20vF.pdf,17304,3364
Qwen/Qwen3-14B,dev,10,180314-March-14-2018-SOW-M.pdf,12488,2524
Qwen/Qwen3-14B,dev,12,183.pdf,7689,1502
Qwen/Qwen3-14B,dev,13,20150916-model-sharing-non-disclosure-agreement.pdf,22109,4102
Qwen/Qwen3-14B,dev,14,245490.pdf,5516,1073
Qwen/Qwen3-14B,dev,15,2_waycda.pdf,4912,878
Qwen/Qwen3-14B,dev,16,3511_standard_nda.pdf,8949,1597
Qwen/Qwen3-14B,dev,17,36C25520Q0076-013.pdf,16072,2933
Qwen/Qwen3-14B,dev,19,426-2017_Appendix_C-Sample_Non-Disclosure_Agreement.pdf,7941,1593
Qwen/Qwen3-14B,dev,20,5-Appendix-Non-Disclosure-Agreement-Mutual.pdf,7022,1340
Qwen/Qwen3-14B,dev,27,AICPMutualNDA_1219166_writableV2.pdf,14192,2518
Qwen/Qwen3-14B,dev,28,ATI%20504%20US%20Mutual%20NDA.pdf,10339,1936
Qwen/Qwen3-14B,dev,29,Acme%20Corporation%20Inc%20NDA%20template.pdf,6126,1102
Qwen/Qwen3-14B,dev,32,Agreement_6_28_07.pdf,15314,2822
Qwen/Qwen3-14B,dev,33,Annex 18 - Non-Disclosure Agreement.pdf,12449,2563
Qwen/Qwen3-14B,dev,35,Annexure-3_Confidentiality-Agreement.pdf,22707,4615
Qwen/Qwen3-14B,dev,37,Attachment 9 -  Non Disclosure Agreement (Version 1).pdf,16713,3389
Qwen/Qwen3-14B,dev,39,Attachment%203%20-%20Confidentiality%20Release%20Form_201504131404512865.pdf,5837,1161
Qwen/Qwen3-14B,dev,44,BOMI%20Non-Disclosure%20Agreement.pdf,5925,1175
Qwen/Qwen3-14B,dev,45,BTS_NDA.pdf,6573,1249
Qwen/Qwen3-14B,dev,54,C_TERMS_NDA_EN.pdf,7731,1476
Qwen/Qwen3-14B,dev,56,annex-2-sample-non-disclosure-agreement.pdf,11831,2254
Qwen/Qwen3-14B,dev,61,ccporappdev-rfp-att8.pdf,12794,2457
Qwen/Qwen3-14B,dev,63,CI-Non-Disclosure-Agreement-an5h.pdf,11845,2142
Qwen/Qwen3-14B,dev,64,CNDA1218Draft3.pdf,32359,5754
Qwen/Qwen3-14B,dev,69,Confidentiality%20ND%20Agreement%209.pdf,17538,3255
Qwen/Qwen3-14B,dev,70,Confidentiality%20Non-Disclosure%20and%20Appropriate%20Use%20Agreement%20-%20FAU.01082016.pdf,6562,1242
Qwen/Qwen3-14B,dev,71,Confidentiality%20and%20Non-Disclosure%20Agreement%20%28CNA-1%29.pdf,3312,529
Qwen/Qwen3-14B,dev,72,Confidentiality%20and%20Non-Disclosure%20Agreement.pdf,15178,3051
Qwen/Qwen3-14B,dev,73,Confidentiality-and-Non-Disclosure-Agreement-LSI-ABC.pdf,32335,6378
Qwen/Qwen3-14B,dev,75,Confidentiality.pdf,8230,1492
Qwen/Qwen3-14B,dev,79,Confidentiality_and_Non-Disclosure_Agreement.pdf,7059,1405
Qwen/Qwen3-14B,dev,81,clearcenter-rnda.pdf,6927,1238
Qwen/Qwen3-14B,dev,82,confagree.pdf,5681,1118
Qwen/Qwen3-14B,dev,152,MNDA.pdf,6982,1334
Qwen/Qwen3-14B,dev,205,NDA-No-Reservations-Layer-8-Security.pdf,13609,2695
Qwen/Qwen3-14B,dev,381,109261_0000950172-02-002217_los283194.txt,13450,2861
Qwen/Qwen3-14B,dev,398,88190_0000950144-96-003474_document_2.txt,13544,2744
Qwen/Qwen3-14B,dev,405,804151_0000950144-97-007563_document_14.txt,14464,2739
Qwen/Qwen3-14B,dev,406,813562_0000950117-99-001205_document_14.txt,7635,1592
Qwen/Qwen3-14B,dev,411,859792_0001005477-96-000681_document_3.txt,9425,1997
Qwen/Qwen3-14B,dev,435,1013322_0000912057-00-023405_document_2.txt,6634,1192
Qwen/Qwen3-14B,dev,440,1016503_0000929624-00-000894_0010.txt,11299,2213
Qwen/Qwen3-14B,dev,456,1052303_0000950109-98-003654_document_16.txt,2270,446
Qwen/Qwen3-14B,dev,478,1096182_0001144204-06-021678_v043804_ex10-3.txt,12583,2515
Qwen/Qwen3-14B,dev,482,1100772_0001038838-02-000125_ex1032sb2no5.txt,5224,951
Qwen/Qwen3-14B,dev,486,1104332_0000950144-00-008876_ex10-26.txt,7303,1458
Qwen/Qwen3-14B,dev,488,1108244_0001012870-00-001650_document_32.txt,4323,772
Qwen/Qwen3-14B,dev,507,313522_0000912057-02-040085_a2091647zex-99_d3.htm,7339,1356
Qwen/Qwen3-14B,dev,547,1021097_0001047469-11-001653_a2202345zex-99_d10.htm,6959,1358
Qwen/Qwen3-14B,dev,563,1094814_0001140361-18-017998_s002178x1_ex99d7.htm,13208,2477
Qwen/Qwen3-14B,dev,575,1253176_0001193125-18-317778_d567323dex1024.htm,10059,2055
Qwen/Qwen3-14B,dev,582,912890_0001193125-11-030842_dex99d5.htm,13925,2618
Qwen/Qwen3-14B,dev,586,917639_0000912057-01-537118_a2062042zex-99_d7.htm,21537,4041
Qwen/Qwen3-14B,dev,590,1289434_0001047469-10-008010_a2200117zex-99_d3.htm,23756,4492
Qwen/Qwen3-14B,dev,595,1334303_0001193125-10-204560_dex99e5.htm,22852,4338
Qwen/Qwen3-14B,dev,598,1366649_0001193125-14-380778_d808213dex99d2.htm,12488,2275
Qwen/Qwen3-14B,dev,605,1392091_0000950123-11-021325_c13551exv99w7.htm,12346,2505
Qwen/Qwen3-14B,dev,610,1452751_0001193125-17-086167_d334994dex99e3.htm,18040,3322
Qwen/Qwen3-14B,test,1, 064-19 Non Disclosure Agreement 2019.pdf,16632,3071
Qwen/Qwen3-14B,test,2,01_Bosch-Automotive-Service-Solutions-Mutual-Non-Disclosure-Agreement-7-12-17.pdf,15297,2936
Qwen/Qwen3-14B,test,4,118.3-Non-disclosure-agreement.pdf,2405,497
Qwen/Qwen3-14B,test,5,12032018_NDA_The%20Munt_EN.pdf,6887,1515
Qwen/Qwen3-14B,test,6,130806ca141.pdf,8715,1647
Qwen/Qwen3-14B,test,8,1588052992CCTV%20Non%20Disclosure%20Agreement.pdf,5751,1184
Qwen/Qwen3-14B,test,11,18268-001%20Rev%20B%20Form%20Version%20in%20PDF.pdf,12207,2256
Qwen/Qwen3-14B,test,18,41629_1.pdf,6225,1285
Qwen/Qwen3-14B,test,21,5-NSK-Confidentiality-Agreement-for-Suppliers.pdf,12238,2485
Qwen/Qwen3-14B,test,22,54c808c1b20e4490b1300ad2ce3b9649.pdf,7808,1544
Qwen/Qwen3-14B,test,23,59b1148ff6952b0001bdbedc_20170907_non%20disclosure%20agreement_expert.pdf,15198,3176
Qwen/Qwen3-14B,test,24,5bfbcabf0627e70bdcfc5b32_nda-ready4s.pdf,9814,2053
Qwen/Qwen3-14B,test,25,ADVANIDE-NON-DISCLOSURE-AGREEMENT.pdf,6182,1269
Qwen/Qwen3-14B,test,26,AGProjects-NDA.pdf,8418,1679
Qwen/Qwen3-14B,test,30,AfriGIS_Client-NDA_Template_2019.pdf,24090,4767
Qwen/Qwen3-14B,test,31,Agency-Lending-Disclosure_A-Z-Guide_Appendix_Sample-Confidentiality-Agreements.pdf,5757,1063
Qwen/Qwen3-14B,test,36,Aspiegel_NDA_template.pdf,12909,2452
Qwen/Qwen3-14B,test,38,Attachment B - Intent to Propose and Non-Disclosure Agreement.pdf,17211,3274
Qwen/Qwen3-14B,test,40,Attachment%20J.2%20-%20Non-Disclosure%20Agreement%20-Technology%20Services.pdf,2892,534
Qwen/Qwen3-14B,test,41,Attachment-I-Non-DisclosureAgreementContractor.pdf,10543,1984
Qwen/Qwen3-14B,test,42,BCG-Mutual-NDA.pdf,8625,1693
Qwen/Qwen3-14B,test,43,BO115-07-non-disclosure-agreement.pdf,9564,1944
Qwen/Qwen3-14B,test,46,BT_NDA.pdf,10548,2000
Qwen/Qwen3-14B,test,47,BaconNon-Disclosure.pdf,4116,807
Qwen/Qwen3-14B,test,48,Basic-Non-Disclosure-Agreement.pdf,5292,961
Qwen/Qwen3-14B,test,49,Bio-FIP-EOI-NDA.pdf,14712,2907
Qwen/Qwen3-14B,test,50,Business-Sale-Non-Disclosure-Agreement.pdf,4944,977
Qwen/Qwen3-14B,test,51,CA-Nov14-Doc.5.14%20-%20Template%20Confidentiality%20Agreement.pdf,6016,1143
Qwen/Qwen3-14B,test,52,CBP%20Non-Disclosure%20Form_October2018.pdf,12918,2597
Qwen/Qwen3-14B,test,53,CCS-Salt-Cavern-RfP-NDA.pdf,14759,2919
Qwen/Qwen3-14B,test,55,amc-general-mutual-non-disclosure-agreement-en-gb.pdf,10403,1913
Qwen/Qwen3-14B,test,57,annex-iii---nda-agreement..pdf,4008,780
Qwen/Qwen3-14B,test,58,appendix-g-nda-form.pdf,41779,7908
Qwen/Qwen3-14B,test,59,buyer_profile.pdf,9345,1951
Qwen/Qwen3-14B,test,60,casino-nondisclosure-agmt.pdf,5179,959
Qwen/Qwen3-14B,test,62,ceii-and-nda.pdf,16684,3074
Qwen/Qwen3-14B,test,65,CON-NDA-PTL-01-2012-v1%20Non-Disclosure%20Agreement%20and%20Checklist.pdf,13725,2640
Qwen/Qwen3-14B,test,66,Clause-de-non-divulgation.pdf,7370,1478
Qwen/Qwen3-14B,test,67,ConfidNonDisclosureAgree.pdf,6425,1239
Qwen/Qwen3-14B,test,68,Confidentiality%20Agreement.pdf,25167,4726
Qwen/Qwen3-14B,test,74,Confidentiality-and-Nondisclosure-Agreement-Template.pdf,6966,1291
Qwen/Qwen3-14B,test,76,ConfidentialityAgreement.pdf,8351,1616
Qwen/Qwen3-14B,test,77,Confidentiality_Agreement_1.pdf,3244,622
Qwen/Qwen3-14B,test,78,Confidentiality_Non-Disclosure_Agreement.pdf,11066,2018
Qwen/Qwen3-14B,test,80,Confidentiality_and_Non-Disclosure_Agreement_Rev_10-20-16.pdf,9689,1828
Qwen/Qwen3-14B,test,83,confidentiality-agreement.pdf,6686,1212
Qwen/Qwen3-14B,test,84,confidentiality_agreement.pdf,5939,1141
Qwen/Qwen3-14B,test,85,confidentialityandnondisclosureagreement.pdf,3510,719
Qwen/Qwen3-14B,test,90,Data_Use_and_Non_Disclosure_Data_Disclosed_to_MDCH_Trauma_Registry_Final_465518_7.pdf,4451,815
Qwen/Qwen3-14B,test,97,dhs-nda.pdf,12918,2597
Qwen/Qwen3-14B,test,99,eHandshake_Non_Disclosure_Agreement.pdf,6913,1327
Qwen/Qwen3-14B,test,117,Generic-NDA-Pitch-Deck-Fire.pdf,5099,971
Qwen/Qwen3-14B,test,127,ICTSC-NDA-General-MandA-signed.pdf,5578,1100
Qwen/Qwen3-14B,test,129,"IMOA%20Molybdenum%20Consortium%20NDA%20Agreement%20amended%20Jan%2008,%20valid%20March%2009%20onwards.pdf",10089,1967
Qwen/Qwen3-14B,test,138,LMS_Non_Disclosure_Agreement.pdf,6143,1183
Qwen/Qwen3-14B,test,157,MUTUAL_NDA.pdf,5810,1088
Qwen/Qwen3-14B,test,165,Mutual-Non-Disclosure-Agreement-Inventor-Product-Development-Experts-Inc..pdf,8752,1551
Qwen/Qwen3-14B,test,181,mutual-non-disclosure-agreement.pdf,8248,1627
Qwen/Qwen3-14B,test,190,nda_9.pdf,7685,1463
Qwen/Qwen3-14B,test,212,NDA-Template-Media-News-Group-inc.pdf,10193,1925
Qwen/Qwen3-14B,test,213,NDA-Urban_Wind_Turbines.pdf,8174,1722
Qwen/Qwen3-14B,test,218,NDAMutualTemplateClientFill.pdf,9845,1823
Qwen/Qwen3-14B,test,225,NDA_ResConnect.pdf,3456,649
Qwen/Qwen3-14B,test,227,NDA_Street_Stream_Franchise.pdf,20823,4151
Qwen/Qwen3-14B,test,228,NDA_V3.pdf,5947,1201
Qwen/Qwen3-14B,test,289,Non-Disclosure-Agreement-NDA.pdf,4417,907
Qwen/Qwen3-14B,test,293,Non-Disclosure-Secrecy-Agreement.pdf,1231,331
Qwen/Qwen3-14B,test,296,Non-Disclosure-form_1.pdf,10027,1878
Qwen/Qwen3-14B,test,301,NonDisclosureAgreementNDASAMITT20190002v2.pdf,4733,1038
Qwen/Qwen3-14B,test,307,non-disclosure-agreement-en.pdf,9614,1894
Qwen/Qwen3-14B,test,310,non-disclosure-agreement-template.pdf,4853,879
Qwen/Qwen3-14B,test,321,Pitch-Deck-Fire-Workshop-NDA-2.2017.pdf,5740,1084
Qwen/Qwen3-14B,test,336,SAMED%20confidentiality%20non%20disclosure%20and%20conflict%20of%20interest%20agreement%20for%20board%20and%20committee%20members%20ver%201.pdf,11535,2325
Qwen/Qwen3-14B,test,354,Template-NDA-2-way-final-1.pdf,9357,1813
Qwen/Qwen3-14B,test,357,UALR-Standard-Non-disclosure-AgreementTemplate.pdf,4957,896
Qwen/Qwen3-14B,test,361,VELCO%20NDA%20rev0%20Dec%2014%202015.pdf,11657,2324
Qwen/Qwen3-14B,test,387,65781_0000950123-00-009565_y41542ex99-d_3.txt,8580,1724
Qwen/Qwen3-14B,test,389,71297_0000071297-97-000059_document_6.txt,3758,797
Qwen/Qwen3-14B,test,392,768384_0000912057-00-018619_document_8.txt,8777,1654
Qwen/Qwen3-14B,test,395,86115_0000930661-99-001321_document_3.txt,18371,3867
Qwen/Qwen3-14B,test,400,96238_0000950116-97-001823_document_13.txt,13912,2690
Qwen/Qwen3-14B,test,401,1002276_0001036050-99-002047_document_13.txt,9817,1887
Qwen/Qwen3-14B,test,408,817516_0001014909-05-000102_exh99_4sept2005.txt,12478,2625
Qwen/Qwen3-14B,test,412,880458_0001021408-01-510269_dex1087.txt,18295,3717
Qwen/Qwen3-14B,test,413,883905_0001095811-01-000469_f68556ex99-d12.txt,6087,1159
Qwen/Qwen3-14B,test,429,934545_0000891618-99-004640_document_2.txt,7971,1514
Qwen/Qwen3-14B,test,432,1010471_0000950134-97-006281_document_5.txt,21514,4523
Qwen/Qwen3-14B,test,433,1011671_0000936392-99-000246_document_46.txt,10104,1913
Qwen/Qwen3-14B,test,444,1021086_0000950162-99-000581_document_3.txt,18416,3883
Qwen/Qwen3-14B,test,446,1023734_0000912057-96-023266_document_16.txt,1606,310
Qwen/Qwen3-14B,test,451,1042282_0000893220-02-000791_e61414toexv99wxdywx1y.txt,7718,1530
Qwen/Qwen3-14B,test,452,1043003_0000950170-98-000097_document_12.txt,5240,910
Qwen/Qwen3-14B,test,455,1050277_0001047469-99-000663_document_7.txt,2508,487
Qwen/Qwen3-14B,test,465,1073090_0001356564-06-000012_sorell10ksbamend2x102.txt,14366,3001
Qwen/Qwen3-14B,test,471,1084000_0001144204-06-046785_v056501_ex10-16.txt,7562,1477
Qwen/Qwen3-14B,test,476,1095558_0000944209-00-000518_document_3.txt,10009,1853
Qwen/Qwen3-14B,test,493,1120792_0001019687-05-002206_morgan_10qex5-2.txt,8193,1635
Qwen/Qwen3-14B,test,496,1125892_0000950133-00-004441_w41075a1ex10-7.txt,12651,2444
Qwen/Qwen3-14B,test,497,1138169_0001050234-02-000002_ex10h.txt,7483,1465
Qwen/Qwen3-14B,test,498,1173495_0001047469-03-033872_a2118144zex-10_12.txt,10611,2033
Qwen/Qwen3-14B,test,521,802724_0001193125-15-331613_d96542dex99d5.htm,40554,7807
Qwen/Qwen3-14B,test,523,814457_0000950137-04-009790_c89545exv99wxdyx6y.htm,16383,3099
Qwen/Qwen3-14B,test,526,850313_0000950149-07-000090_f28028toexv99wxdyx2y.htm,12265,2347
Qwen/Qwen3-14B,test,537,912263_0001047469-12-006662_a2209873zex-99_d2.htm,23747,4730
Qwen/Qwen3-14B,test,539,912263_0001193125-12-285724_d371520dex99e4.htm,23765,4729
Qwen/Qwen3-14B,test,540,1001113_0000950134-07-005231_f27921orexv99wxdyx3y.htm,9227,1720
Qwen/Qwen3-14B,test,542,1010552_0000912057-01-520246_a2051644zex-99_20.htm,18470,3502
Qwen/Qwen3-14B,test,543,1011344_0001193125-08-097987_dex99d5.htm,7276,1412
Qwen/Qwen3-14B,test,544,1012887_0001193125-07-165503_dex99d6.htm,11336,2167
Qwen/Qwen3-14B,test,546,1020416_0001193125-16-701566_d250247dex99d2.htm,33478,6280
Qwen/Qwen3-14B,test,549,1041550_0001193125-19-004977_d663808dex106.htm,29312,5548
Qwen/Qwen3-14B,test,552,1049210_0001047469-13-009461_a2216846zex-99_d3.htm,15556,3072
Qwen/Qwen3-14B,test,555,1062478_0001193125-14-442753_d838170dex3.htm,13399,2663
Qwen/Qwen3-14B,test,558,1084817_0001193125-14-004957_d648340dex99e2.htm,9802,1853
Qwen/Qwen3-14B,test,564,1096147_0001193125-08-206038_dex4.htm,19913,3720
Qwen/Qwen3-14B,test,565,1109551_0000912057-02-024714_a2082535zex-99_d3.htm,20047,3778
Qwen/Qwen3-14B,test,584,915191_0001047469-17-003155_a2231967zex-99_8.htm,16171,3139
Qwen/Qwen3-14B,test,585,916457_0000916457-14-000028_exhibit104-confidentiality.htm,10211,1996
Qwen/Qwen3-14B,test,591,1316898_0001047469-18-005618_a2236490zex-99_d2.htm,26190,4861
Qwen/Qwen3-14B,test,596,1335239_0001019687-14-003760_epazz_ex1034.htm,13805,2954
Qwen/Qwen3-14B,test,600,1367408_0001367408-06-000002_risb2ex106.htm,5048,1066
Qwen/Qwen3-14B,test,606,1402305_0001193125-11-343865_d268167dex99d2.htm,23027,4302
Qwen/Qwen3-14B,test,611,1457829_0000898822-13-000086_exhibit-ndaexecutionversion.htm,22377,4601
Qwen/Qwen3-8B,train,34,Annex E_Non-Disclosure and Confidentiality Agreement.pdf,8585,1727
Qwen/Qwen3-8B,train,86,CopAcc_NDA-and-ToP-Mentors_2.0_2017.pdf,14944,2604
Qwen/Qwen3-8B,train,87,Cyber Mutual Assistance NDA.pdf,14967,2659
Qwen/Qwen3-8B,train,88,DBT%20Mutual%20NDA.pdf,7503,1360
Qwen/Qwen3-8B,train,89,Data Use Agreement New York City.pdf,23380,4904
Qwen/Qwen3-8B,train,91,Dealer-Pay-NDA-4.pdf,14234,2654
Qwen/Qwen3-8B,train,92,Disclosure documents.pdf,10209,1994
Qwen/Qwen3-8B,train,93,DoiT-ICN-NonDisclosure-Agreement.pdf,3519,1285
Qwen/Qwen3-8B,train,94,EFCAConfidentialityAgreement.pdf,6384,1300
Qwen/Qwen3-8B,train,95,Eskom%20Template%20Confidentiality%20and%20Non-disclosure%20Agreement%20Rev%204%20Effective%20August%202017_11.pdf,19009,3811
Qwen/Qwen3-8B,train,96,contrato_ingles_corporativo_mal.pdf,8179,1601
Qwen/Qwen3-8B,train,98,document_viewer.pdf,10259,1920
Qwen/Qwen3-8B,train,100,epsteen_nda.pdf,6476,1169
Qwen/Qwen3-8B,train,101,EUNCL_NDA_2016.pdf,11233,2255
Qwen/Qwen3-8B,train,102,Evelozcity%20OESA%20NDA.pdf,7850,1473
Qwen/Qwen3-8B,train,103,Example-Mutual-Non-Disclosure-Agreement.pdf,3574,723
Qwen/Qwen3-8B,train,104,Example-One-Way-Non-Disclosure-Agreement.pdf,3713,751
Qwen/Qwen3-8B,train,105,ExcelerateStandardNDAFormat.pdf,10715,2104
Qwen/Qwen3-8B,train,106,FELLCNDAStandardAgreement-22015.pdf,10763,1995
Qwen/Qwen3-8B,train,108,FNHA-2019RFP-02-NDA-form.pdf,5217,941
Qwen/Qwen3-8B,train,109,FSMAApprovedConfidentiality-MutualDistributor-FSMA4002.pdf,12079,2254
Qwen/Qwen3-8B,train,110,Facility-Tour-Confidentiality-and-Non-Disclosure.pdf,2675,525
Qwen/Qwen3-8B,train,111,Florida-Non-Disclosure-Agreement-NDA-Template.pdf,5076,972
Qwen/Qwen3-8B,train,112,Focus-Group-APIC-Seattle-Confidentiality-Agreement-031115.pdf,2907,540
Qwen/Qwen3-8B,train,113,FormEConfidentialityandNon.pdf,10439,1967
Qwen/Qwen3-8B,train,114,GSAOP0309-Non-disclosure-agreement.pdf,15990,3402
Qwen/Qwen3-8B,train,115,GTC_CEII_Non_Disclosure_Agmt_05111_revised.pdf,13860,2700
Qwen/Qwen3-8B,train,116,Geheimhaltungsvereinbarung_Abschlussarbeiten_HFU_englisch.pdf,5254,983
Qwen/Qwen3-8B,train,118,GreenStorm%20NDCSC.pdf,10967,2061
Qwen/Qwen3-8B,train,119,Grindrod%20SA%20Confidentiality%20and%20Non-Disclosure%20Undertaking.pdf,5289,1089
Qwen/Qwen3-8B,train,120,HALO-NDA.pdf,4062,822
Qwen/Qwen3-8B,train,121,eulerhermes-nda.pdf,6110,1154
Qwen/Qwen3-8B,train,122,example-NDA-one-way-short-form-2012-1.pdf,3584,723
Qwen/Qwen3-8B,train,123,for-41-supplier-confidentiality-agreement-and-non-disclosure-agreement.pdf,1858,336
Qwen/Qwen3-8B,train,124,form_NondisclosureBlanket.pdf,4916,983
Qwen/Qwen3-8B,train,125,HNBA-2017-18-Confidentiality-Agreement.pdf,9781,1845
Qwen/Qwen3-8B,train,126,IBC-PMS-NDA-agreement.pdf,19717,3792
Qwen/Qwen3-8B,train,128,IGC-Non-Disclosure-Agreement-LSE-Sample.pdf,17105,3287
Qwen/Qwen3-8B,train,130,INFOMAGNET%20NDA.pdf,8285,1490
Qwen/Qwen3-8B,train,131,IPTK-CO-MutualNon-DisclosureAgreement.pdf,13539,2639
Qwen/Qwen3-8B,train,132,Inaturals_NDA.pdf,5205,925
Qwen/Qwen3-8B,train,133,JB-Machine-LLC-NDA-1.pdf,17266,3259
Qwen/Qwen3-8B,train,134,JBF_NDA_rev-2017033-1.pdf,10704,1907
Qwen/Qwen3-8B,train,135,JHUNDABilateral.pdf,5061,1054
Qwen/Qwen3-8B,train,136,Kenway-NDA-Form-Blank.pdf,19025,3675
Qwen/Qwen3-8B,train,137,Kerber_Non_Disclosure_Agreement.pdf,4850,888
Qwen/Qwen3-8B,train,139,LSP-data-protection-form.drc_.pdf,4895,906
Qwen/Qwen3-8B,train,141,Lead-NDA.pdf,3590,708
Qwen/Qwen3-8B,train,142,LiiON%20NDA%202-27-2015%20v1.0.pdf,12222,2419
Qwen/Qwen3-8B,train,143,MelbourneDatathon2017NDA.pdf,6122,1238
Qwen/Qwen3-8B,train,144,helpjuice_production%2Fuploads%2Fupload%2Fimage%2F2329%2Fdirect%2F1526996160411-FullStory+Mutual+Non-Disclosure+Agreement+2018.pdf,10152,1915
Qwen/Qwen3-8B,train,145,icc-court-non-disclosure-agreement-english.pdf,10577,1950
Qwen/Qwen3-8B,train,146,ingram-non-disclosure.pdf,4612,855
Qwen/Qwen3-8B,train,147,isca-nda.pdf,13012,2454
Qwen/Qwen3-8B,train,148,khronos-mutual-nda.pdf,7227,1369
Qwen/Qwen3-8B,train,149,lti-two-way-cda-template.pdf,8937,1755
Qwen/Qwen3-8B,train,150,mcgill_mitacs_terms-january2013.pdf,24294,4783
Qwen/Qwen3-8B,train,151,MNDA-V2-2-25-15.pdf,12540,2299
Qwen/Qwen3-8B,train,153,MR_NON-DISCLOSURE-AGREEMENT.pdf,8804,1683
Qwen/Qwen3-8B,train,154,MUTUAL-CONFIDENTIAL-NON-DISCLOSURE.pdf,8273,1660
Qwen/Qwen3-8B,train,155,MUTUAL-NDA-Form-2.pdf,7169,1322
Qwen/Qwen3-8B,train,156,MUTUAL-NON-CIRCUMVENT-and-NON-DISCLOSURE-20.pdf,10449,1913
Qwen/Qwen3-8B,train,158,Model%20NDA%20(recommended%20by%20SWA).pdf,11231,2147
Qwen/Qwen3-8B,train,159,Mutual%20NDA_Confidentiality.pdf,10645,2004
Qwen/Qwen3-8B,train,160,Mutual%20Non%20Disclosure%20Agreement_0.pdf,12037,2223
Qwen/Qwen3-8B,train,161,Mutual%20Non-Disclosure%20Agreement.pdf,14082,2743
Qwen/Qwen3-8B,train,162,Mutual%20confidentiality%20and%20NDA%20-%20Final%20(2)%20(6)%2003%20July%202015.pdf,40673,8265
Qwen/Qwen3-8B,train,163,Mutual+Confidentiality+Agreement_1.pdf,11356,2215
Qwen/Qwen3-8B,train,164,Mutual-Non-Disclosure-Agreement-EN.pdf,13724,2644
Qwen/Qwen3-8B,train,166,MutualNDA_The_Knights_of_Unity.pdf,12635,2344
Qwen/Qwen3-8B,train,167,MutualNDA_Website.pdf,4804,891
Qwen/Qwen3-8B,train,168,MutualNonDisclosureAgreement0104.pdf,5166,962
Qwen/Qwen3-8B,train,169,Mutual_Nondisclosure_Agreement.pdf,16694,3090
Qwen/Qwen3-8B,train,170,NCDG_Non-disclosure-agreement.pdf,13445,2564
Qwen/Qwen3-8B,train,171,NDA_-_GWI_-_Technohubs_version_V1.pdf,6373,1356
Qwen/Qwen3-8B,train,172,NDA_10.pdf,11268,2171
Qwen/Qwen3-8B,train,173,NDA_13.pdf,7483,1429
Qwen/Qwen3-8B,train,174,NDA_17.pdf,9263,1905
Qwen/Qwen3-8B,train,176,NDA_5.pdf,3564,621
Qwen/Qwen3-8B,train,177,NDA_6.pdf,6981,1325
Qwen/Qwen3-8B,train,178,NDA_7.pdf,4398,848
Qwen/Qwen3-8B,train,179,mnda-1110.pdf,8705,1631
Qwen/Qwen3-8B,train,180,modelnondisclosureagreement1.pdf,4344,875
Qwen/Qwen3-8B,train,182,mutual_non_disclosure_agreement-20171020.pdf,10464,1981
Qwen/Qwen3-8B,train,183,nda_1.pdf,9394,1725
Qwen/Qwen3-8B,train,184,nda_11.pdf,6444,1203
Qwen/Qwen3-8B,train,186,nda_16.pdf,7571,1461
Qwen/Qwen3-8B,train,187,nda_2.pdf,6691,1276
Qwen/Qwen3-8B,train,188,nda_3.pdf,6567,1343
Qwen/Qwen3-8B,train,189,nda_8.pdf,10828,2081
Qwen/Qwen3-8B,train,191,NDA%2009%20for%20website.pdf,8256,1554
Qwen/Qwen3-8B,train,192,NDA%20Form%20WEB_WITH%20Instructions%20%28RECIPROCAL%29%20%28v%202016-03-18_EN%29.pdf,12576,2502
Qwen/Qwen3-8B,train,193,NDA%20UDRC%203-way%20Final.pdf,10380,2037
Qwen/Qwen3-8B,train,194,NDA%20for%20Tender%20Ref%202201000050.pdf,11532,2223
Qwen/Qwen3-8B,train,195,NDA-2015-2.pdf,5953,1125
Qwen/Qwen3-8B,train,196,NDA-2016-DAB.pdf,11806,2255
Qwen/Qwen3-8B,train,197,NDA-Agreement-NPAF.pdf,15646,2849
Qwen/Qwen3-8B,train,198,NDA-Artop-Inno-2017.pdf,7291,1384
Qwen/Qwen3-8B,train,199,NDA-Broker-Seller-for-Company-6-19-17.pdf,10545,1967
Qwen/Qwen3-8B,train,200,NDA-CRG-ALL-2.pdf,6981,1291
Qwen/Qwen3-8B,train,201,NDA-Dollar-General-Portfolio.pdf,8366,1584
Qwen/Qwen3-8B,train,202,NDA-Fintricity-Blank.pdf,11721,2233
Qwen/Qwen3-8B,train,203,NDA-Instructions-Agreement-Attachment.pdf,20129,4027
Qwen/Qwen3-8B,train,204,NDA-M5-Systems.pdf,6366,1169
Qwen/Qwen3-8B,train,206,NDA-ONSemi_IndustryAnalystConf-2011.pdf,9361,1699
Qwen/Qwen3-8B,train,207,NDA-Prasad.pdf,6006,1133
Qwen/Qwen3-8B,train,208,NDA-ROI-Corporation.pdf,4810,871
Qwen/Qwen3-8B,train,209,NDA-STP-Performance-Coating-revC.pdf,11180,2177
Qwen/Qwen3-8B,train,210,NDA-Seeed.pdf,10933,2067
Qwen/Qwen3-8B,train,211,NDA-SqillerBetaTesters.pdf,7929,1655
Qwen/Qwen3-8B,train,214,NDA-editable.pdf,3822,766
Qwen/Qwen3-8B,train,215,NDA-for-Gar-Kenyon-Suppliers.pdf,5221,996
Qwen/Qwen3-8B,train,216,NDA-standard.pdf,9254,1716
Qwen/Qwen3-8B,train,217,NDA.pdf,4560,883
Qwen/Qwen3-8B,train,219,NDATC.pdf,6148,1118
Qwen/Qwen3-8B,train,220,NDATyre%20Plant.pdf,12802,2636
Qwen/Qwen3-8B,train,221,NDA_118.pdf,10750,2068
Qwen/Qwen3-8B,train,222,NDA_22.pdf,12472,2614
Qwen/Qwen3-8B,train,223,NDA_English.pdf,10280,1994
Qwen/Qwen3-8B,train,224,NDA_Mutual_template2_5_2019.pdf,11883,2170
Qwen/Qwen3-8B,train,226,NDA_Sample.pdf,4520,799
Qwen/Qwen3-8B,train,229,NDA_VPI.pdf,3908,784
Qwen/Qwen3-8B,train,230,NDA_and_assgmnt_of_ipMar2011.pdf,9552,1920
Qwen/Qwen3-8B,train,231,NDA_eng.pdf,9707,1984
Qwen/Qwen3-8B,train,232,NDA_for_Raffles_Translation_Website.pdf,9768,1891
Qwen/Qwen3-8B,train,233,NDA_template.pdf,6217,1153
Qwen/Qwen3-8B,train,234,NDCA.pdf,3616,667
Qwen/Qwen3-8B,train,235,NDD.pdf,4051,760
Qwen/Qwen3-8B,train,236,nda-employee-template.pdf,11481,2085
Qwen/Qwen3-8B,train,237,nda-format-approved-by-legal-section.pdf,10462,2026
Qwen/Qwen3-8B,train,238,nda2.pdf,7601,1408
Qwen/Qwen3-8B,train,239,nda_19.pdf,2041,374
Qwen/Qwen3-8B,train,240,nda_form_motorola.pdf,2712,931
Qwen/Qwen3-8B,train,241,nda_gtl_inria.pdf,4558,996
Qwen/Qwen3-8B,train,242,nda_pine__en.pdf,8548,1734
Qwen/Qwen3-8B,train,243,nda_template_final.pdf,14078,2603
Qwen/Qwen3-8B,train,244,NEW_moi_ndform.pdf,7380,1399
Qwen/Qwen3-8B,train,245,NMLS%20Accessibility%20NDA.pdf,14938,2674
Qwen/Qwen3-8B,train,246,NON-DISCLOSURE-AGREEMENT_13.pdf,3676,787
Qwen/Qwen3-8B,train,247,NON-Disclosure_Agreement_2.pdf,14958,2940
Qwen/Qwen3-8B,train,248,NON_DISCLOSURE_AGREEMENT_5.pdf,7261,1371
Qwen/Qwen3-8B,train,249,New_York_City_Bar_Association_Model_Form_of_Non-Disclosure_Agreement_2015.pdf,33405,6480
Qwen/Qwen3-8B,train,250,Non Disclosure Agreement - CP Specific NDA (CreativeNDA-CPS121.1014).pdf,19254,3710
Qwen/Qwen3-8B,train,251,Non-Discl_Reciprocal_2.pdf,6302,1102
Qwen/Qwen3-8B,train,252,Non-Disclosure-Agreement-1.pdf,3127,611
Qwen/Qwen3-8B,train,253,Non-Disclosure-Agreement-9-1-2018.pdf,6654,1351
Qwen/Qwen3-8B,train,254,Non-Disclosure-Agreement_10.pdf,6622,1211
Qwen/Qwen3-8B,train,255,Non-Disclosure-Agreement_11.pdf,11831,2172
Qwen/Qwen3-8B,train,256,Non-Disclosure-Agreement_12.pdf,8741,1526
Qwen/Qwen3-8B,train,257,Non-Disclosure-Agreement_3.pdf,9071,1712
Qwen/Qwen3-8B,train,258,Non-Disclosure-Agreement_4.pdf,21912,4073
Qwen/Qwen3-8B,train,259,Non-Disclosure-Agreement_6.pdf,2697,449
Qwen/Qwen3-8B,train,260,Non-Disclosure-Agreement_ALL_englisch.pdf,6009,1255
Qwen/Qwen3-8B,train,261,Non-Disclosure-Agreement_PreviewOnly.pdf,11921,2330
Qwen/Qwen3-8B,train,262,Non-Disclosure_Agreement_oct2009.pdf,3532,571
Qwen/Qwen3-8B,train,263,Non-Disclosure_Agreement_one_way_2014.pdf,9251,1755
Qwen/Qwen3-8B,train,264,Non-disclosure-Agreement_7.pdf,5084,965
Qwen/Qwen3-8B,train,265,Non-disclosure-Agreement_9.pdf,6876,1266
Qwen/Qwen3-8B,train,267,Non_Disclosure_Agreement_1.pdf,9241,1704
Qwen/Qwen3-8B,train,268,Non_Disclosure_Agreement_2.pdf,9906,1891
Qwen/Qwen3-8B,train,269,Non_Disclosure_Agreement_3.pdf,6108,1233
Qwen/Qwen3-8B,train,270,Non_Disclosure_Canada_BC.pdf,6583,1151
Qwen/Qwen3-8B,train,271,Non_disclodure_contract.pdf,6016,1224
Qwen/Qwen3-8B,train,272,nistmodelndareceiptofproprietaryinformationv20162fillableforwebsitedoc003pdf.pdf,5941,1203
Qwen/Qwen3-8B,train,273,non-disclosure-agreement_1.pdf,27460,5653
Qwen/Qwen3-8B,train,274,non-disclosure-agreement_2.pdf,7913,1440
Qwen/Qwen3-8B,train,275,non-disclosure-agreement_5.pdf,10646,2048
Qwen/Qwen3-8B,train,276,non-disclosure-agreement_8.pdf,6981,1212
Qwen/Qwen3-8B,train,277,non-disclosure_201302814_english_.pdf,7095,1411
Qwen/Qwen3-8B,train,278,non-disclosure_agreement.pdf,1863,329
Qwen/Qwen3-8B,train,279,non-disclosure_agreement_1.pdf,5887,1169
Qwen/Qwen3-8B,train,280,non-disclosure_confidentiality_agreement.pdf,8431,1713
Qwen/Qwen3-8B,train,281,NRSC_2015_NDAForm.pdf,18054,3558
Qwen/Qwen3-8B,train,282,NU%20Confidentiality%20Non-Disclosure%20%20Information%20Security%20Agreement%20Final%20....pdf,6146,1096
Qwen/Qwen3-8B,train,283,NUSD-Non-Disclosure-Agreement.pdf,11523,2120
Qwen/Qwen3-8B,train,284,Non%20Disclosure%20Agreement_1.pdf,3502,628
Qwen/Qwen3-8B,train,285,Non-Disclosure%20Agreement%202015.pdf,5588,1002
Qwen/Qwen3-8B,train,286,Non-Disclosure%20Agreement_3.pdf,10923,2082
Qwen/Qwen3-8B,train,287,Non-Disclosure%20Agreement_5.pdf,13665,2542
Qwen/Qwen3-8B,train,288,Non-Disclosure-Agreement-FORS-Cert-Body.pdf,6519,1312
Qwen/Qwen3-8B,train,290,Non-Disclosure-Agreement-v1.pdf,3453,619
Qwen/Qwen3-8B,train,291,Non-Disclosure-Agreement.pdf,6547,1216
Qwen/Qwen3-8B,train,292,Non-Disclosure-NDA-UW-Oshkosh_FINALV2.pdf,8041,1536
Qwen/Qwen3-8B,train,294,Non-Disclosure-SmartCMS.pdf,24758,5075
Qwen/Qwen3-8B,train,295,Non-Disclosure-form.pdf,1481,275
Qwen/Qwen3-8B,train,297,Non-disclosure%20Agreement_1.pdf,25342,4972
Qwen/Qwen3-8B,train,298,Non-disclosure%20agreement_2.pdf,10040,1927
Qwen/Qwen3-8B,train,299,Non-disclosure.pdf,3978,737
Qwen/Qwen3-8B,train,300,NonDisEC12212010.pdf,9566,1772
Qwen/Qwen3-8B,train,302,NonDisclosureAgreement_1.pdf,5254,1088
Qwen/Qwen3-8B,train,303,NondisclosureAgreement_2.pdf,14776,2913
Qwen/Qwen3-8B,train,304,O00216-000899A.pdf,12433,2357
Qwen/Qwen3-8B,train,305,OMA-TestFest-NDA-2017.pdf,16688,3123
Qwen/Qwen3-8B,train,306,One_way_NDA_EIPRHD_pdf_v1_11.03.2013.pdf,12465,2406
Qwen/Qwen3-8B,train,308,non-disclosure-agreement-mutual-generic-blank.pdf,5466,947
Qwen/Qwen3-8B,train,309,non-disclosure-agreement-template-netherlands-may-2012.pdf,12338,2411
Qwen/Qwen3-8B,train,311,non-disclosure-agreement-to-public-tender-for-fleet-and-bus-services-f-2854607.pdf,13104,2432
Qwen/Qwen3-8B,train,312,nondisclosure-Engl.pdf,10678,2123
Qwen/Qwen3-8B,train,313,nondisclosure.pdf,6052,1116
Qwen/Qwen3-8B,train,314,nondisclosureagreement.pdf,11466,2157
Qwen/Qwen3-8B,train,315,oceaneering-non-disclosure-agreement.pdf,5707,1137
Qwen/Qwen3-8B,train,316,one-way_nda_ji_form.pdf,9598,1737
Qwen/Qwen3-8B,train,317,OOR104E_Non-Disclosure_Agreement-Company.pdf,19954,3907
Qwen/Qwen3-8B,train,318,One-Way-Non-Disclosure-Agreement-EN.pdf,12766,2553
Qwen/Qwen3-8B,train,319,P27CB13028.pdf,9763,1933
Qwen/Qwen3-8B,train,320,Petrolube_NDA.pdf,10698,2247
Qwen/Qwen3-8B,train,322,Proctor_Agreement.pdf,3634,681
Qwen/Qwen3-8B,train,323,Project%20LAS%20RFI%20Non-Disclosure%20Agreement.pdf,11072,2105
Qwen/Qwen3-8B,train,324,ProtectedData-MMD-NonDisclosureAgreementSubmissionInstructions.pdf,8707,1714
Qwen/Qwen3-8B,train,325,partner_nda_en.pdf,11958,2252
Qwen/Qwen3-8B,train,326,pp%2011%20-%20non-disclosure%20agreement%20mutual.pdf,14725,2953
Qwen/Qwen3-8B,train,327,PS20131165-Non-DisclosureAgreement.pdf,10075,1970
Qwen/Qwen3-8B,train,328,PSGT Agreement NDA New Supplier Non Disclosure Template DC.pdf,14774,2847
Qwen/Qwen3-8B,train,329,QEP-Williston-Form-of-Confidentiality-Agreement-BMO.pdf,22117,4151
Qwen/Qwen3-8B,train,330,QSA_NDA.pdf,3341,614
Qwen/Qwen3-8B,train,331,QuickBooks-NDA-template.pdf,8105,1354
Qwen/Qwen3-8B,train,332,RFP20171008-RFPPublishingNotice.pdf,13942,2743
Qwen/Qwen3-8B,train,333,RFP_Telephony-NDA_Attachment-F.pdf,4525,845
Qwen/Qwen3-8B,train,334,RROI_Confidentiality_Agreement_Final.pdf,23617,4486
Qwen/Qwen3-8B,train,335,Roundhouse-Creative-Mutual-NDA.pdf,6615,1203
Qwen/Qwen3-8B,train,337,SE_NDCA_and_PRE-QUAL_PACKAGE_March-2016.pdf,14026,2539
Qwen/Qwen3-8B,train,338,SINTEC-UK-LTD-Non-disclosure-agreement-2017.pdf,7930,1555
Qwen/Qwen3-8B,train,339,SMT-R-100-01-NON-DISCLOSURE-AGREEMENT.pdf,2248,443
Qwen/Qwen3-8B,train,340,SONGS%20RFP%20Confidentiality%20Agreement_201705051754392249.pdf,10670,2070
Qwen/Qwen3-8B,train,341,Sample NonDisclosure Agreement.pdf,11668,2235
Qwen/Qwen3-8B,train,342,Sample%20NDA%202018.pdf,9622,1762
Qwen/Qwen3-8B,train,343,Section%2013%20Non-Disclosure%20Agreement.pdf,12329,2333
Qwen/Qwen3-8B,train,344,Sony%20Pictures%20Television%20NDA%20(Executed).pdf,28304,5290
Qwen/Qwen3-8B,train,345,Standard%20NDA%20by%20Axial.pdf,11387,2186
Qwen/Qwen3-8B,train,346,Startup_Pack_nondisclosure_agreement.pdf,13207,2640
Qwen/Qwen3-8B,train,347,SupplementOne-NDA.pdf,8959,1779
Qwen/Qwen3-8B,train,348,Supplier_Non-Disclosure_Agreement.pdf,10959,1978
Qwen/Qwen3-8B,train,349,Supplier_Non_Disclosure.pdf,14075,2632
Qwen/Qwen3-8B,train,350,T:\proc_notices\notices_020_k\notice_doc_18628_158011843.pdf,9751,1773
Qwen/Qwen3-8B,train,351,TSE-TSE-OK-WHK-Mutual-NDA-Fill-in-Blanks-4-29-2019.pdf,11634,2222
Qwen/Qwen3-8B,train,352,TabunKitchenInvestments-NDA.pdf,9888,1909
Qwen/Qwen3-8B,train,353,Tazza-CAFFE-Confidentiality-Agreement.pdf,8468,1713
Qwen/Qwen3-8B,train,355,Template-NDA.pdf,20439,3813
Qwen/Qwen3-8B,train,356,Third-Party Non-Disclosure Agreement.pdf,8799,1589
Qwen/Qwen3-8B,train,358,US-Non-Disclosure-Agreement.pdf,6690,1265
Qwen/Qwen3-8B,train,359,US_Non-Disclosure_Agreement_v2_2015.pdf,8333,1550
Qwen/Qwen3-8B,train,360,UT_Universal_NDA_2014_OIE.pdf,11009,2075
Qwen/Qwen3-8B,train,362,WEB-NDA-Mutual-Customer-and-Allazo-Electronics-v2.pdf,11977,2239
Qwen/Qwen3-8B,train,363,WEBSITE%20MNDA.pdf,12166,2313
Qwen/Qwen3-8B,train,364,WECC_Confidentiality_Agreement.pdf,8645,1702
Qwen/Qwen3-8B,train,365,resolution-2012-03-014r.pdf,10847,2097
Qwen/Qwen3-8B,train,366,resources-non-disclosure-agreement.pdf,6641,1190
Qwen/Qwen3-8B,train,367,rqnda.pdf,9144,1763
Qwen/Qwen3-8B,train,368,sample-nrel-bilateral-nda-template.pdf,9269,1881
Qwen/Qwen3-8B,train,369,sample_nda.pdf,16241,2948
Qwen/Qwen3-8B,train,370,simply-fashion---standard-nda.pdf,12605,2280
Qwen/Qwen3-8B,train,371,sm-fm-14-01-rev-1-reciprocal-non-disclosure-agreement.pdf,10074,2024
Qwen/Qwen3-8B,train,372,standard_clinical_trial_nda2.pdf,6035,1173
Qwen/Qwen3-8B,train,373,standard_nda.pdf,10785,2032
Qwen/Qwen3-8B,train,374,stony_hill_buyer_nda.pdf,9255,1701
Qwen/Qwen3-8B,train,375,thoughtbot-mutual-nda.pdf,6112,1153
Qwen/Qwen3-8B,train,376,tpi-non-disclosure-agreement_1.pdf,11012,2144
Qwen/Qwen3-8B,train,377,ttp-nda.pdf,6738,1264
Qwen/Qwen3-8B,train,378,vmw-certification-conduct-policy.pdf,3428,654
Qwen/Qwen3-8B,train,379,wayne-fueling-systems-mutual-non-disclosure-agreement-final.pdf,12887,2436
Qwen/Qwen3-8B,train,380,ws-confidentiality-and-non-disclosure-agreement.pdf,11650,2436
Qwen/Qwen3-8B,train,382,24104_0000024104-96-000010_document_3.txt,9169,1960
Qwen/Qwen3-8B,train,383,26820_0000936392-03-001111_a92217exv10w5.txt,15342,3135
Qwen/Qwen3-8B,train,384,32251_0000950133-99-003991_document_17.txt,10271,1927
Qwen/Qwen3-8B,train,385,354452_0000950123-99-011178_document_13.txt,10794,2102
Qwen/Qwen3-8B,train,386,356841_0000950109-98-003750_document_2.txt,4988,1002
Qwen/Qwen3-8B,train,388,69067_0000927016-00-002123_0010.txt,8891,1696
Qwen/Qwen3-8B,train,390,731947_0000950123-02-007159_y62132e3exv99wdw21.txt,5629,1096
Qwen/Qwen3-8B,train,391,736291_0000930661-99-001320_document_3.txt,18349,3858
Qwen/Qwen3-8B,train,393,769592_0000950133-02-003341_w64132exv10w4.txt,6780,1350
Qwen/Qwen3-8B,train,394,770461_0001144204-05-023830_v022988_ex10-6.txt,13454,2752
Qwen/Qwen3-8B,train,396,87814_0000930661-96-001456_document_4.txt,5438,1055
Qwen/Qwen3-8B,train,397,87888_0000912057-97-029111_document_6.txt,14841,3148
Qwen/Qwen3-8B,train,399,96238_0000950103-97-000583_document_4.txt,13914,2693
Qwen/Qwen3-8B,train,402,1006459_0000912057-97-027623_document_19.txt,3290,663
Qwen/Qwen3-8B,train,403,770461_0001144204-06-041516_v054278_ex10-7.txt,14783,3026
Qwen/Qwen3-8B,train,404,799485_0000950136-00-001643_0013.txt,15735,3063
Qwen/Qwen3-8B,train,407,816955_0000899243-97-001962_document_4.txt,15632,3081
Qwen/Qwen3-8B,train,409,828957_0000950109-98-001266_document_19.txt,12223,2285
Qwen/Qwen3-8B,train,410,859119_0000950123-98-001418_document_15.txt,16129,3061
Qwen/Qwen3-8B,train,414,897730_0000950136-98-001457_document_7.txt,7436,1452
Qwen/Qwen3-8B,train,415,899240_0000912057-01-007226_a2040095zex-99_9d1.txt,10998,2123
Qwen/Qwen3-8B,train,416,900091_0001047469-97-003029_document_4.txt,8423,1635
Qwen/Qwen3-8B,train,417,912592_0000929624-98-000842_document_20.txt,12048,2588
Qwen/Qwen3-8B,train,418,912643_0001045969-00-000244_document_3.txt,6785,1201
Qwen/Qwen3-8B,train,419,913949_0000950149-96-000782_document_6.txt,3650,733
Qwen/Qwen3-8B,train,420,916529_0000927016-97-001071_document_2.txt,4623,1016
Qwen/Qwen3-8B,train,421,917253_0000917253-00-000008_document_8.txt,21849,4216
Qwen/Qwen3-8B,train,422,920729_0000891618-96-000819_document_6.txt,11134,2102
Qwen/Qwen3-8B,train,423,922237_0000950005-02-000645_p15515_ex10-19.txt,7720,1416
Qwen/Qwen3-8B,train,424,922913_0000943440-00-000122_document_2.txt,3815,796
Qwen/Qwen3-8B,train,425,922913_0000943440-00-000294_0004.txt,4194,860
Qwen/Qwen3-8B,train,426,925544_0000950144-00-010739_ex99-d4.txt,7635,1485
Qwen/Qwen3-8B,train,427,925942_0001047469-98-029396_document_13.txt,13416,2563
Qwen/Qwen3-8B,train,428,930796_0000950123-05-001407_y05539exv99w5.txt,12110,2215
Qwen/Qwen3-8B,train,430,935703_0001047469-98-030238_document_4.txt,21400,4474
Qwen/Qwen3-8B,train,431,938733_0000912057-99-002412_document_3.txt,15090,2994
Qwen/Qwen3-8B,train,434,1012459_0000912057-97-027209_document_4.txt,8748,1666
Qwen/Qwen3-8B,train,436,1013687_0000950144-96-001973_document_37.txt,4192,756
Qwen/Qwen3-8B,train,437,1013687_0000950144-96-001973_document_38.txt,7449,1239
Qwen/Qwen3-8B,train,438,1014552_0000950148-01-500497_v71961toex99-d3.txt,19793,3778
Qwen/Qwen3-8B,train,439,1014959_0000950116-96-000618_document_7.txt,10833,2210
Qwen/Qwen3-8B,train,441,1017358_0001017358-97-000002_document_4.txt,8889,1752
Qwen/Qwen3-8B,train,442,1017545_0001012870-97-001500_document_2.txt,4181,787
Qwen/Qwen3-8B,train,443,1018761_0000950130-96-004285_document_6.txt,2416,482
Qwen/Qwen3-8B,train,445,1021096_0000914317-03-001205_ex2-2.txt,6585,1323
Qwen/Qwen3-8B,train,447,1029445_0000940180-97-000212_document_12.txt,9936,2206
Qwen/Qwen3-8B,train,448,1030471_0001012870-01-501268_dex1065.txt,5842,1078
Qwen/Qwen3-8B,train,449,1031896_0000950147-01-501725_ex10-8.txt,2123,442
Qwen/Qwen3-8B,train,450,1039399_0000891618-02-001883_f80848orex10-19.txt,11160,2088
Qwen/Qwen3-8B,train,453,1043431_0000950133-00-000090_document_15.txt,6366,1264
Qwen/Qwen3-8B,train,454,1044777_0000950124-98-000388_document_7.txt,1927,421
Qwen/Qwen3-8B,train,457,1052946_0000950134-98-001627_document_4.txt,2498,569
Qwen/Qwen3-8B,train,458,1053949_0001005150-98-000126_document_8.txt,4140,778
Qwen/Qwen3-8B,train,459,1061148_0001047469-98-018914_document_17.txt,12600,2498
Qwen/Qwen3-8B,train,460,1062579_0000950123-99-005018_document_3.txt,8264,1675
Qwen/Qwen3-8B,train,461,1062760_0001015402-05-001930_doc17.txt,5616,1106
Qwen/Qwen3-8B,train,462,1065748_0000950131-00-004465_0016.txt,6094,1224
Qwen/Qwen3-8B,train,463,1067797_0001032210-99-000668_document_8.txt,11027,2056
Qwen/Qwen3-8B,train,464,1070052_0000950130-01-501801_dex99d2.txt,13038,2464
Qwen/Qwen3-8B,train,466,1074663_0001090002-01-500104_ex102.txt,5452,1265
Qwen/Qwen3-8B,train,467,1077050_0000950147-99-000049_document_10.txt,10470,2044
Qwen/Qwen3-8B,train,468,1077150_0001077048-99-000003_document_23.txt,3642,740
Qwen/Qwen3-8B,train,469,1077150_0001077048-99-000003_document_25.txt,9750,1868
Qwen/Qwen3-8B,train,470,1082797_0000950131-01-501837_dex99d2.txt,7500,1494
Qwen/Qwen3-8B,train,472,1085220_0001014909-04-000090_exh6_3.txt,6957,1314
Qwen/Qwen3-8B,train,473,1089717_0000898430-99-004004_document_2.txt,7566,1368
Qwen/Qwen3-8B,train,474,1089786_0000912057-00-052660_a2032473zex-99_e2.txt,14200,2700
Qwen/Qwen3-8B,train,475,1094017_0000921895-00-000237_document_5.txt,7441,1439
Qwen/Qwen3-8B,train,477,1095563_0000950168-99-002585_document_2.txt,10852,2094
Qwen/Qwen3-8B,train,481,1100182_0001107049-00-000014_document_23.txt,7371,1460
Qwen/Qwen3-8B,train,483,1101204_0001085037-00-000208_0015.txt,7033,1421
Qwen/Qwen3-8B,train,484,1102301_0001094328-04-000141_freesarex23052004.txt,9047,1843
Qwen/Qwen3-8B,train,485,1103062_0001017951-00-000016_document_13.txt,10282,1927
Qwen/Qwen3-8B,train,487,1105503_0000950123-00-006736_ex10-14.txt,8095,1584
Qwen/Qwen3-8B,train,489,1108906_0000889812-00-001212_document_45.txt,5198,1003
Qwen/Qwen3-8B,train,490,1111682_0000950123-00-003802_document_15.txt,4219,888
Qwen/Qwen3-8B,train,492,1120792_0001019687-05-001599_morgan_sb2a1-ex1408.txt,8516,1653
Qwen/Qwen3-8B,train,494,1123713_0001021408-00-003137_0016.txt,9916,1885
Qwen/Qwen3-8B,train,495,1125576_0000928385-02-000738_dex991d2.txt,4427,916
Qwen/Qwen3-8B,train,499,1178133_0000950131-03-000129_dex1013.txt,9711,1896
Qwen/Qwen3-8B,train,500,1240722_0001161697-03-000454_exhibit_10-12.txt,10955,2341
Qwen/Qwen3-8B,train,501,1285543_0001013762-05-000550_may52005sb2ex1019.txt,4708,950
Qwen/Qwen3-8B,train,502,1420529_0001145549-08-000077_h00839a1exv10w4.txt,12711,2406
Qwen/Qwen3-8B,train,503,103884_0001193125-12-338104_d390544dex99d3.htm,14644,2813
Qwen/Qwen3-8B,train,504,14803_0001047469-04-012846_a2134202zex-99_e3.htm,17572,3486
Qwen/Qwen3-8B,train,505,25895_0000950134-07-023464_d51356exv10w1.htm,15460,3188
Qwen/Qwen3-8B,train,509,55805_0001145443-10-001028_d26631_ex99-d3.htm,14356,2737
Qwen/Qwen3-8B,train,512,703339_0001387308-13-000090_ex101.htm,16947,3302
Qwen/Qwen3-8B,train,513,703361_0001193125-12-242586_d356019dex9910.htm,14244,2595
Qwen/Qwen3-8B,train,515,714562_0001104659-19-001345_a18-42231_6ex10d8.htm,29627,5611
Qwen/Qwen3-8B,train,516,741696_0001193125-10-290887_dex99d9.htm,16948,3269
Qwen/Qwen3-8B,train,517,75448_0001193125-05-158309_dex99d4.htm,10147,1921
Qwen/Qwen3-8B,train,518,768262_0001193125-10-128597_dex99d2.htm,21972,4160
Qwen/Qwen3-8B,train,519,792130_0001193125-18-326077_d601641dex99d3.htm,24194,4641
Qwen/Qwen3-8B,train,520,801338_0000950134-07-015617_c16542toexv99wxdyx5y.htm,4679,920
Qwen/Qwen3-8B,train,522,803647_0001047469-17-006266_a2233487zex-99_d2.htm,10964,2048
Qwen/Qwen3-8B,train,524,832995_0000912057-00-054331_a2033550zex-99_d13.htm,20210,3878
Qwen/Qwen3-8B,train,525,845818_0001193125-11-195725_dex99d8.htm,18357,3484
Qwen/Qwen3-8B,train,527,858452_0001193125-12-123549_d317599dex99d3.htm,12933,2398
Qwen/Qwen3-8B,train,529,863895_0001144204-05-038795_v030731_ex10-2.htm,5430,1030
Qwen/Qwen3-8B,train,530,865415_0001047469-15-007494_a2226057zex-99_d4.htm,11825,2280
Qwen/Qwen3-8B,train,531,874265_0001193125-05-138436_dex99d1.htm,23979,4439
Qwen/Qwen3-8B,train,534,880562_0001193125-15-346821_d93800dex3.htm,19281,3656
Qwen/Qwen3-8B,train,535,881790_0001104659-12-052730_a12-17284_1ex99d1.htm,15724,3042
Qwen/Qwen3-8B,train,536,888953_0001193125-13-044630_d480503dex99e6.htm,20887,4052
Qwen/Qwen3-8B,train,538,912263_0001104659-12-004811_a12-3671_1ex2.htm,23747,4734
Qwen/Qwen3-8B,train,541,1001917_0000950123-08-007542_y61533exv99wdw3.htm,10240,1966
Qwen/Qwen3-8B,train,545,1013240_0001047469-04-010350_a2132633zex-10_22.htm,13795,2883
Qwen/Qwen3-8B,train,548,1041550_0001104659-19-001346_a18-42231_6ex10d8.htm,29627,5612
Qwen/Qwen3-8B,train,550,1045080_0001047469-02-004620_a2094681zex-99_d5.htm,10766,2086
Qwen/Qwen3-8B,train,551,1046880_0001193125-11-323050_d262064dex992.htm,16689,3140
Qwen/Qwen3-8B,train,553,1053352_0001104659-07-049383_a07-17151_1ex10d5.htm,22591,4510
Qwen/Qwen3-8B,train,554,1053374_0001144204-18-062970_tv508217_ex-d2.htm,11863,2240
Qwen/Qwen3-8B,train,556,1063085_0000950134-09-011390_f52580exv99wxeyx3y.htm,23184,4303
Qwen/Qwen3-8B,train,557,1068874_0001068874-07-000012_ex10_2.htm,14473,3036
Qwen/Qwen3-8B,train,559,1089029_0000950123-07-007908_y31303a1exv10w13.htm,3909,841
Qwen/Qwen3-8B,train,560,1094007_0001193125-10-258977_dex101.htm,6981,1326
Qwen/Qwen3-8B,train,561,1094038_0000950134-05-007541_d23996exv10w4.htm,8972,1867
Qwen/Qwen3-8B,train,562,1094348_0001144204-18-026846_tv493416_exd2.htm,22111,4039
Qwen/Qwen3-8B,train,566,1112422_0000950153-08-001257_p75864exv99wxeyx4y.htm,21679,4155
Qwen/Qwen3-8B,train,567,1112999_0001193125-08-214471_dex105.htm,11978,2418
Qwen/Qwen3-8B,train,568,1113303_0000892917-12-000026_stilffnw13d120112am2ex3.htm,6217,1286
Qwen/Qwen3-8B,train,569,1119985_0001047469-04-035924_a2147858zex-2_5.htm,15000,2897
Qwen/Qwen3-8B,train,570,1142512_0001193125-14-269726_d757168dex99e3.htm,12640,2386
Qwen/Qwen3-8B,train,571,1163932_0001193125-13-394191_d606730dex99d2.htm,23750,4489
Qwen/Qwen3-8B,train,572,1167294_0001193125-15-218134_d933068dex99d3.htm,32601,6078
Qwen/Qwen3-8B,train,573,1175638_0000912057-02-024619_a2082526zex-10_3.htm,5743,1255
Qwen/Qwen3-8B,train,574,1177845_0001193125-18-219243_d519554dex99d3.htm,26398,5088
Qwen/Qwen3-8B,train,576,1274644_0001193125-17-338759_d485523dex99d2.htm,9119,1828
Qwen/Qwen3-8B,train,577,1277090_0001104659-05-057084_a05-20673_1ex10.htm,11572,2203
Qwen/Qwen3-8B,train,578,1277141_0001193125-15-184193_d923647dex99d2.htm,24922,4723
Qwen/Qwen3-8B,train,579,1280058_0001193125-12-023311_d287213dex99d3.htm,21900,4134
Qwen/Qwen3-8B,train,580,1288379_0000950123-07-003101_y31044exv99wdw5.htm,16452,3339
Qwen/Qwen3-8B,train,581,1288379_0000950123-07-003101_y31044exv99wdw6.htm,18216,3629
Qwen/Qwen3-8B,train,583,913610_0001047469-03-027395_a2116567zex-99_e3.htm,19444,3691
Qwen/Qwen3-8B,train,587,918541_0001193125-14-328980_d785003dex105.htm,16499,3434
Qwen/Qwen3-8B,train,588,931784_0001104659-07-068716_a07-23871_1ex2.htm,20705,3930
Qwen/Qwen3-8B,train,589,948850_0000950123-10-020820_p17071exv99wew4.htm,14161,2707
Qwen/Qwen3-8B,train,592,1323115_0000950123-10-098499_c60911exv99wdw3.htm,10982,2096
Qwen/Qwen3-8B,train,593,1329919_0001193125-14-149149_d701401dex99d6.htm,29866,5588
Qwen/Qwen3-8B,train,594,1332602_0001193125-12-512465_d454990dex99d2.htm,22412,4230
Qwen/Qwen3-8B,train,597,1363033_0001144204-06-024852_v045245_ex10-8.htm,6051,1317
Qwen/Qwen3-8B,train,599,1367408_0001367408-06-000002_risb2ex105.htm,2169,474
Qwen/Qwen3-8B,train,602,1372664_0001193125-12-159071_d333885dex99d9.htm,19715,3871
Qwen/Qwen3-8B,train,603,1373467_0001096350-07-000140_ex99threea.htm,8881,1813
Qwen/Qwen3-8B,train,604,1373671_0001193125-10-265249_dex99d3.htm,21969,4138
Qwen/Qwen3-8B,train,607,1413447_0001193125-16-771498_d295023dex99d5.htm,28008,5256
Qwen/Qwen3-8B,train,608,1424657_0001213900-16-016691_f8k082516ex99iii_nextgroup.htm,6715,1254
Qwen/Qwen3-8B,train,609,1430300_0000950152-08-005260_l32384aexv10w7.htm,1655,334
Qwen/Qwen3-8B,train,612,1466739_0001002014-12-000470_exh10-4.htm,5609,1072
Qwen/Qwen3-8B,train,613,1473637_0001432093-12-000764_ex10-34.htm,8033,1601
Qwen/Qwen3-8B,train,614,1475274_0001567619-17-000751_s001644x1_exd-2.htm,23175,4517
Qwen/Qwen3-8B,train,615,1485469_0001193125-19-222469_d760929dex99d3.htm,35147,6810
Qwen/Qwen3-8B,train,616,1487101_0001140361-19-008970_nc10001202x4_ex-d2.htm,24331,4627
Qwen/Qwen3-8B,train,617,1501697_0001193125-19-145463_d944716dex108.htm,6359,1192
Qwen/Qwen3-8B,train,618,1561604_0001193125-12-472390_d438799dex99d3.htm,25313,4989
Qwen/Qwen3-8B,train,619,1574111_0001193125-14-440569_d826999dex99d5.htm,14589,2765
Qwen/Qwen3-8B,train,620,1592288_0001193125-17-306543_d469659dex99e2.htm,22348,4281
Qwen/Qwen3-8B,train,621,1609351_0001193125-19-066373_d642137dex99d2.htm,20752,3920
Qwen/Qwen3-8B,train,622,1628908_0001193125-15-169530_d838828dex1016.htm,54571,11532
Qwen/Qwen3-8B,train,623,1689602_0001144204-16-140940_v455386_ex10-3.htm,18476,3497
Qwen/Qwen3-8B,train,624,1693664_0001193125-18-171470_d426098dex99d3.htm,24865,4755
Qwen/Qwen3-8B,dev,3,09-24-2019-04-25-05-3914910473.pdf,11142,2128
Qwen/Qwen3-8B,dev,7,1438076025NDA_28072015%20-%20AHPL.pdf,29838,5921
Qwen/Qwen3-8B,dev,9,17.04.01%20BPS%20Non-Disclosure%20and%20Data%20Sharing%20Agreement%20-%20Transportation%20Challenge%20vF.pdf,17304,3364
Qwen/Qwen3-8B,dev,10,180314-March-14-2018-SOW-M.pdf,12488,2524
Qwen/Qwen3-8B,dev,12,183.pdf,7689,1502
Qwen/Qwen3-8B,dev,13,20150916-model-sharing-non-disclosure-agreement.pdf,22109,4102
Qwen/Qwen3-8B,dev,14,245490.pdf,5516,1073
Qwen/Qwen3-8B,dev,15,2_waycda.pdf,4912,878
Qwen/Qwen3-8B,dev,16,3511_standard_nda.pdf,8949,1597
Qwen/Qwen3-8B,dev,17,36C25520Q0076-013.pdf,16072,2933
Qwen/Qwen3-8B,dev,19,426-2017_Appendix_C-Sample_Non-Disclosure_Agreement.pdf,7941,1593
Qwen/Qwen3-8B,dev,20,5-Appendix-Non-Disclosure-Agreement-Mutual.pdf,7022,1340
Qwen/Qwen3-8B,dev,27,AICPMutualNDA_1219166_writableV2.pdf,14192,2518
Qwen/Qwen3-8B,dev,28,ATI%20504%20US%20Mutual%20NDA.pdf,10339,1936
Qwen/Qwen3-8B,dev,29,Acme%20Corporation%20Inc%20NDA%20template.pdf,6126,1102
Qwen/Qwen3-8B,dev,32,Agreement_6_28_07.pdf,15314,2822
Qwen/Qwen3-8B,dev,33,Annex 18 - Non-Disclosure Agreement.pdf,12449,2563
Qwen/Qwen3-8B,dev,35,Annexure-3_Confidentiality-Agreement.pdf,22707,4615
Qwen/Qwen3-8B,dev,37,Attachment 9 -  Non Disclosure Agreement (Version 1).pdf,16713,3389
Qwen/Qwen3-8B,dev,39,Attachment%203%20-%20Confidentiality%20Release%20Form_201504131404512865.pdf,5837,1161
Qwen/Qwen3-8B,dev,44,BOMI%20Non-Disclosure%20Agreement.pdf,5925,1175
Qwen/Qwen3-8B,dev,45,BTS_NDA.pdf,6573,1249
Qwen/Qwen3-8B,dev,54,C_TERMS_NDA_EN.pdf,7731,1476
Qwen/Qwen3-8B,dev,56,annex-2-sample-non-disclosure-agreement.pdf,11831,2254
Qwen/Qwen3-8B,dev,61,ccporappdev-rfp-att8.pdf,12794,2457
Qwen/Qwen3-8B,dev,63,CI-Non-Disclosure-Agreement-an5h.pdf,11845,2142
Qwen/Qwen3-8B,dev,64,CNDA1218Draft3.pdf,32359,5754
Qwen/Qwen3-8B,dev,69,Confidentiality%20ND%20Agreement%209.pdf,17538,3255
Qwen/Qwen3-8B,dev,70,Confidentiality%20Non-Disclosure%20and%20Appropriate%20Use%20Agreement%20-%20FAU.01082016.pdf,6562,1242
Qwen/Qwen3-8B,dev,71,Confidentiality%20and%20Non-Disclosure%20Agreement%20%28CNA-1%29.pdf,3312,529
Qwen/Qwen3-8B,dev,72,Confidentiality%20and%20Non-Disclosure%20Agreement.pdf,15178,3051
Qwen/Qwen3-8B,dev,73,Confidentiality-and-Non-Disclosure-Agreement-LSI-ABC.pdf,32335,6378
Qwen/Qwen3-8B,dev,75,Confidentiality.pdf,8230,1492
Qwen/Qwen3-8B,dev,79,Confidentiality_and_Non-Disclosure_Agreement.pdf,7059,1405
Qwen/Qwen3-8B,dev,81,clearcenter-rnda.pdf,6927,1238
Qwen/Qwen3-8B,dev,82,confagree.pdf,5681,1118
Qwen/Qwen3-8B,dev,152,MNDA.pdf,6982,1334
Qwen/Qwen3-8B,dev,205,NDA-No-Reservations-Layer-8-Security.pdf,13609,2695
Qwen/Qwen3-8B,dev,381,109261_0000950172-02-002217_los283194.txt,13450,2861
Qwen/Qwen3-8B,dev,398,88190_0000950144-96-003474_document_2.txt,13544,2744
Qwen/Qwen3-8B,dev,405,804151_0000950144-97-007563_document_14.txt,14464,2739
Qwen/Qwen3-8B,dev,406,813562_0000950117-99-001205_document_14.txt,7635,1592
Qwen/Qwen3-8B,dev,411,859792_0001005477-96-000681_document_3.txt,9425,1997
Qwen/Qwen3-8B,dev,435,1013322_0000912057-00-023405_document_2.txt,6634,1192
Qwen/Qwen3-8B,dev,440,1016503_0000929624-00-000894_0010.txt,11299,2213
Qwen/Qwen3-8B,dev,456,1052303_0000950109-98-003654_document_16.txt,2270,446
Qwen/Qwen3-8B,dev,478,1096182_0001144204-06-021678_v043804_ex10-3.txt,12583,2515
Qwen/Qwen3-8B,dev,482,1100772_0001038838-02-000125_ex1032sb2no5.txt,5224,951
Qwen/Qwen3-8B,dev,486,1104332_0000950144-00-008876_ex10-26.txt,7303,1458
Qwen/Qwen3-8B,dev,488,1108244_0001012870-00-001650_document_32.txt,4323,772
Qwen/Qwen3-8B,dev,507,313522_0000912057-02-040085_a2091647zex-99_d3.htm,7339,1356
Qwen/Qwen3-8B,dev,547,1021097_0001047469-11-001653_a2202345zex-99_d10.htm,6959,1358
Qwen/Qwen3-8B,dev,563,1094814_0001140361-18-017998_s002178x1_ex99d7.htm,13208,2477
Qwen/Qwen3-8B,dev,575,1253176_0001193125-18-317778_d567323dex1024.htm,10059,2055
Qwen/Qwen3-8B,dev,582,912890_0001193125-11-030842_dex99d5.htm,13925,2618
Qwen/Qwen3-8B,dev,586,917639_0000912057-01-537118_a2062042zex-99_d7.htm,21537,4041
Qwen/Qwen3-8B,dev,590,1289434_0001047469-10-008010_a2200117zex-99_d3.htm,23756,4492
Qwen/Qwen3-8B,dev,595,1334303_0001193125-10-204560_dex99e5.htm,22852,4338
Qwen/Qwen3-8B,dev,598,1366649_0001193125-14-380778_d808213dex99d2.htm,12488,2275
Qwen/Qwen3-8B,dev,605,1392091_0000950123-11-021325_c13551exv99w7.htm,12346,2505
Qwen/Qwen3-8B,dev,610,1452751_0001193125-17-086167_d334994dex99e3.htm,18040,3322
Qwen/Qwen3-8B,test,1, 064-19 Non Disclosure Agreement 2019.pdf,16632,3071
Qwen/Qwen3-8B,test,2,01_Bosch-Automotive-Service-Solutions-Mutual-Non-Disclosure-Agreement-7-12-17.pdf,15297,2936
Qwen/Qwen3-8B,test,4,118.3-Non-disclosure-agreement.pdf,2405,497
Qwen/Qwen3-8B,test,5,12032018_NDA_The%20Munt_EN.pdf,6887,1515
Qwen/Qwen3-8B,test,6,130806ca141.pdf,8715,1647
Qwen/Qwen3-8B,test,8,1588052992CCTV%20Non%20Disclosure%20Agreement.pdf,5751,1184
Qwen/Qwen3-8B,test,11,18268-001%20Rev%20B%20Form%20Version%20in%20PDF.pdf,12207,2256
Qwen/Qwen3-8B,test,18,41629_1.pdf,6225,1285
Qwen/Qwen3-8B,test,21,5-NSK-Confidentiality-Agreement-for-Suppliers.pdf,12238,2485
Qwen/Qwen3-8B,test,22,54c808c1b20e4490b1300ad2ce3b9649.pdf,7808,1544
Qwen/Qwen3-8B,test,23,59b1148ff6952b0001bdbedc_20170907_non%20disclosure%20agreement_expert.pdf,15198,3176
Qwen/Qwen3-8B,test,24,5bfbcabf0627e70bdcfc5b32_nda-ready4s.pdf,9814,2053
Qwen/Qwen3-8B,test,25,ADVANIDE-NON-DISCLOSURE-AGREEMENT.pdf,6182,1269
Qwen/Qwen3-8B,test,26,AGProjects-NDA.pdf,8418,1679
Qwen/Qwen3-8B,test,30,AfriGIS_Client-NDA_Template_2019.pdf,24090,4767
Qwen/Qwen3-8B,test,31,Agency-Lending-Disclosure_A-Z-Guide_Appendix_Sample-Confidentiality-Agreements.pdf,5757,1063
Qwen/Qwen3-8B,test,36,Aspiegel_NDA_template.pdf,12909,2452
Qwen/Qwen3-8B,test,38,Attachment B - Intent to Propose and Non-Disclosure Agreement.pdf,17211,3274
Qwen/Qwen3-8B,test,40,Attachment%20J.2%20-%20Non-Disclosure%20Agreement%20-Technology%20Services.pdf,2892,534
Qwen/Qwen3-8B,test,41,Attachment-I-Non-DisclosureAgreementContractor.pdf,10543,1984
Qwen/Qwen3-8B,test,42,BCG-Mutual-NDA.pdf,8625,1693
Qwen/Qwen3-8B,test,43,BO115-07-non-disclosure-agreement.pdf,9564,1944
Qwen/Qwen3-8B,test,46,BT_NDA.pdf,10548,2000
Qwen/Qwen3-8B,test,47,BaconNon-Disclosure.pdf,4116,807
Qwen/Qwen3-8B,test,48,Basic-Non-Disclosure-Agreement.pdf,5292,961
Qwen/Qwen3-8B,test,49,Bio-FIP-EOI-NDA.pdf,14712,2907
Qwen/Qwen3-8B,test,50,Business-Sale-Non-Disclosure-Agreement.pdf,4944,977
Qwen/Qwen3-8B,test,51,CA-Nov14-Doc.5.14%20-%20Template%20Confidentiality%20Agreement.pdf,6016,1143
Qwen/Qwen3-8B,test,52,CBP%20Non-Disclosure%20Form_October2018.pdf,12918,2597
Qwen/Qwen3-8B,test,53,CCS-Salt-Cavern-RfP-NDA.pdf,14759,2919
Qwen/Qwen3-8B,test,55,amc-general-mutual-non-disclosure-agreement-en-gb.pdf,10403,1913
Qwen/Qwen3-8B,test,57,annex-iii---nda-agreement..pdf,4008,780
Qwen/Qwen3-8B,test,58,appendix-g-nda-form.pdf,41779,7908
Qwen/Qwen3-8B,test,59,buyer_profile.pdf,9345,1951
Qwen/Qwen3-8B,test,60,casino-nondisclosure-agmt.pdf,5179,959
Qwen/Qwen3-8B,test,62,ceii-and-nda.pdf,16684,3074
Qwen/Qwen3-8B,test,65,CON-NDA-PTL-01-2012-v1%20Non-Disclosure%20Agreement%20and%20Checklist.pdf,13725,2640
Qwen/Qwen3-8B,test,66,Clause-de-non-divulgation.pdf,7370,1478
Qwen/Qwen3-8B,test,67,ConfidNonDisclosureAgree.pdf,6425,1239
Qwen/Qwen3-8B,test,68,Confidentiality%20Agreement.pdf,25167,4726
Qwen/Qwen3-8B,test,74,Confidentiality-and-Nondisclosure-Agreement-Template.pdf,6966,1291
Qwen/Qwen3-8B,test,76,ConfidentialityAgreement.pdf,8351,1616
Qwen/Qwen3-8B,test,77,Confidentiality_Agreement_1.pdf,3244,622
Qwen/Qwen3-8B,test,78,Confidentiality_Non-Disclosure_Agreement.pdf,11066,2018
Qwen/Qwen3-8B,test,80,Confidentiality_and_Non-Disclosure_Agreement_Rev_10-20-16.pdf,9689,1828
Qwen/Qwen3-8B,test,83,confidentiality-agreement.pdf,6686,1212
Qwen/Qwen3-8B,test,84,confidentiality_agreement.pdf,5939,1141
Qwen/Qwen3-8B,test,85,confidentialityandnondisclosureagreement.pdf,3510,719
Qwen/Qwen3-8B,test,90,Data_Use_and_Non_Disclosure_Data_Disclosed_to_MDCH_Trauma_Registry_Final_465518_7.pdf,4451,815
Qwen/Qwen3-8B,test,97,dhs-nda.pdf,12918,2597
Qwen/Qwen3-8B,test,99,eHandshake_Non_Disclosure_Agreement.pdf,6913,1327
Qwen/Qwen3-8B,test,117,Generic-NDA-Pitch-Deck-Fire.pdf,5099,971
Qwen/Qwen3-8B,test,127,ICTSC-NDA-General-MandA-signed.pdf,5578,1100
Qwen/Qwen3-8B,test,129,"IMOA%20Molybdenum%20Consortium%20NDA%20Agreement%20amended%20Jan%2008,%20valid%20March%2009%20onwards.pdf",10089,1967
Qwen/Qwen3-8B,test,138,LMS_Non_Disclosure_Agreement.pdf,6143,1183
Qwen/Qwen3-8B,test,157,MUTUAL_NDA.pdf,5810,1088
Qwen/Qwen3-8B,test,165,Mutual-Non-Disclosure-Agreement-Inventor-Product-Development-Experts-Inc..pdf,8752,1551
Qwen/Qwen3-8B,test,181,mutual-non-disclosure-agreement.pdf,8248,1627
Qwen/Qwen3-8B,test,190,nda_9.pdf,7685,1463
Qwen/Qwen3-8B,test,212,NDA-Template-Media-News-Group-inc.pdf,10193,1925
Qwen/Qwen3-8B,test,213,NDA-Urban_Wind_Turbines.pdf,8174,1722
Qwen/Qwen3-8B,test,218,NDAMutualTemplateClientFill.pdf,9845,1823
Qwen/Qwen3-8B,test,225,NDA_ResConnect.pdf,3456,649
Qwen/Qwen3-8B,test,227,NDA_Street_Stream_Franchise.pdf,20823,4151
Qwen/Qwen3-8B,test,228,NDA_V3.pdf,5947,1201
Qwen/Qwen3-8B,test,289,Non-Disclosure-Agreement-NDA.pdf,4417,907
Qwen/Qwen3-8B,test,293,Non-Disclosure-Secrecy-Agreement.pdf,1231,331
Qwen/Qwen3-8B,test,296,Non-Disclosure-form_1.pdf,10027,1878
Qwen/Qwen3-8B,test,301,NonDisclosureAgreementNDASAMITT20190002v2.pdf,4733,1038
Qwen/Qwen3-8B,test,307,non-disclosure-agreement-en.pdf,9614,1894
Qwen/Qwen3-8B,test,310,non-disclosure-agreement-template.pdf,4853,879
Qwen/Qwen3-8B,test,321,Pitch-Deck-Fire-Workshop-NDA-2.2017.pdf,5740,1084
Qwen/Qwen3-8B,test,336,SAMED%20confidentiality%20non%20disclosure%20and%20conflict%20of%20interest%20agreement%20for%20board%20and%20committee%20members%20ver%201.pdf,11535,2325
Qwen/Qwen3-8B,test,354,Template-NDA-2-way-final-1.pdf,9357,1813
Qwen/Qwen3-8B,test,357,UALR-Standard-Non-disclosure-AgreementTemplate.pdf,4957,896
Qwen/Qwen3-8B,test,361,VELCO%20NDA%20rev0%20Dec%2014%202015.pdf,11657,2324
Qwen/Qwen3-8B,test,387,65781_0000950123-00-009565_y41542ex99-d_3.txt,8580,1724
Qwen/Qwen3-8B,test,389,71297_0000071297-97-000059_document_6.txt,3758,797
Qwen/Qwen3-8B,test,392,768384_0000912057-00-018619_document_8.txt,8777,1654
Qwen/Qwen3-8B,test,395,86115_0000930661-99-001321_document_3.txt,18371,3867
Qwen/Qwen3-8B,test,400,96238_0000950116-97-001823_document_13.txt,13912,2690
Qwen/Qwen3-8B,test,401,1002276_0001036050-99-002047_document_13.txt,9817,1887
Qwen/Qwen3-8B,test,408,817516_0001014909-05-000102_exh99_4sept2005.txt,12478,2625
Qwen/Qwen3-8B,test,412,880458_0001021408-01-510269_dex1087.txt,18295,3717
Qwen/Qwen3-8B,test,413,883905_0001095811-01-000469_f68556ex99-d12.txt,6087,1159
Qwen/Qwen3-8B,test,429,934545_0000891618-99-004640_document_2.txt,7971,1514
Qwen/Qwen3-8B,test,432,1010471_0000950134-97-006281_document_5.txt,21514,4523
Qwen/Qwen3-8B,test,433,1011671_0000936392-99-000246_document_46.txt,10104,1913
Qwen/Qwen3-8B,test,444,1021086_0000950162-99-000581_document_3.txt,18416,3883
Qwen/Qwen3-8B,test,446,1023734_0000912057-96-023266_document_16.txt,1606,310
Qwen/Qwen3-8B,test,451,1042282_0000893220-02-000791_e61414toexv99wxdywx1y.txt,7718,1530
Qwen/Qwen3-8B,test,452,1043003_0000950170-98-000097_document_12.txt,5240,910
Qwen/Qwen3-8B,test,455,1050277_0001047469-99-000663_document_7.txt,2508,487
Qwen/Qwen3-8B,test,465,1073090_0001356564-06-000012_sorell10ksbamend2x102.txt,14366,3001
Qwen/Qwen3-8B,test,471,1084000_0001144204-06-046785_v056501_ex10-16.txt,7562,1477
Qwen/Qwen3-8B,test,476,1095558_0000944209-00-000518_document_3.txt,10009,1853
Qwen/Qwen3-8B,test,493,1120792_0001019687-05-002206_morgan_10qex5-2.txt,8193,1635
Qwen/Qwen3-8B,test,496,1125892_0000950133-00-004441_w41075a1ex10-7.txt,12651,2444
Qwen/Qwen3-8B,test,497,1138169_0001050234-02-000002_ex10h.txt,7483,1465
Qwen/Qwen3-8B,test,498,1173495_0001047469-03-033872_a2118144zex-10_12.txt,10611,2033
Qwen/Qwen3-8B,test,521,802724_0001193125-15-331613_d96542dex99d5.htm,40554,7807
Qwen/Qwen3-8B,test,523,814457_0000950137-04-009790_c89545exv99wxdyx6y.htm,16383,3099
Qwen/Qwen3-8B,test,526,850313_0000950149-07-000090_f28028toexv99wxdyx2y.htm,12265,2347
Qwen/Qwen3-8B,test,537,912263_0001047469-12-006662_a2209873zex-99_d2.htm,23747,4730
Qwen/Qwen3-8B,test,539,912263_0001193125-12-285724_d371520dex99e4.htm,23765,4729
Qwen/Qwen3-8B,test,540,1001113_0000950134-07-005231_f27921orexv99wxdyx3y.htm,9227,1720
Qwen/Qwen3-8B,test,542,1010552_0000912057-01-520246_a2051644zex-99_20.htm,18470,3502
Qwen/Qwen3-8B,test,543,1011344_0001193125-08-097987_dex99d5.htm,7276,1412
Qwen/Qwen3-8B,test,544,1012887_0001193125-07-165503_dex99d6.htm,11336,2167
Qwen/Qwen3-8B,test,546,1020416_0001193125-16-701566_d250247dex99d2.htm,33478,6280
Qwen/Qwen3-8B,test,549,1041550_0001193125-19-004977_d663808dex106.htm,29312,5548
Qwen/Qwen3-8B,test,552,1049210_0001047469-13-009461_a2216846zex-99_d3.htm,15556,3072
Qwen/Qwen3-8B,test,555,1062478_0001193125-14-442753_d838170dex3.htm,13399,2663
Qwen/Qwen3-8B,test,558,1084817_0001193125-14-004957_d648340dex99e2.htm,9802,1853
Qwen/Qwen3-8B,test,564,1096147_0001193125-08-206038_dex4.htm,19913,3720
Qwen/Qwen3-8B,test,565,1109551_0000912057-02-024714_a2082535zex-99_d3.htm,20047,3778
Qwen/Qwen3-8B,test,584,915191_0001047469-17-003155_a2231967zex-99_8.htm,16171,3139
Qwen/Qwen3-8B,test,585,916457_0000916457-14-000028_exhibit104-confidentiality.htm,10211,1996
Qwen/Qwen3-8B,test,591,1316898_0001047469-18-005618_a2236490zex-99_d2.htm,26190,4861
Qwen/Qwen3-8B,test,596,1335239_0001019687-14-003760_epazz_ex1034.htm,13805,2954
Qwen/Qwen3-8B,test,600,1367408_0001367408-06-000002_risb2ex106.htm,5048,1066
Qwen/Qwen3-8B,test,606,1402305_0001193125-11-343865_d268167dex99d2.htm,23027,4302
Qwen/Qwen3-8B,test,611,1457829_0000898822-13-000086_exhibit-ndaexecutionversion.htm,22377,4601
ibm-granite/granite-4.2-8b,train,34,Annex E_Non-Disclosure and Confidentiality Agreement.pdf,8585,1758
ibm-granite/granite-4.2-8b,train,86,CopAcc_NDA-and-ToP-Mentors_2.0_2017.pdf,14944,2636
ibm-granite/granite-4.2-8b,train,87,Cyber Mutual Assistance NDA.pdf,14967,2696
ibm-granite/granite-4.2-8b,train,88,DBT%20Mutual%20NDA.pdf,7503,1381
ibm-granite/granite-4.2-8b,train,89,Data Use Agreement New York City.pdf,23380,4992
ibm-granite/granite-4.2-8b,train,91,Dealer-Pay-NDA-4.pdf,14234,2724
ibm-granite/granite-4.2-8b,train,92,Disclosure documents.pdf,10209,2031
ibm-granite/granite-4.2-8b,train,93,DoiT-ICN-NonDisclosure-Agreement.pdf,3519,1307
ibm-granite/granite-4.2-8b,train,94,EFCAConfidentialityAgreement.pdf,6384,1327
ibm-granite/granite-4.2-8b,train,95,Eskom%20Template%20Confidentiality%20and%20Non-disclosure%20Agreement%20Rev%204%20Effective%20August%202017_11.pdf,19009,3844
ibm-granite/granite-4.2-8b,train,96,contrato_ingles_corporativo_mal.pdf,8179,1636
ibm-granite/granite-4.2-8b,train,98,document_viewer.pdf,10259,1945
ibm-granite/granite-4.2-8b,train,100,epsteen_nda.pdf,6476,1195
ibm-granite/granite-4.2-8b,train,101,EUNCL_NDA_2016.pdf,11233,2259
ibm-granite/granite-4.2-8b,train,102,Evelozcity%20OESA%20NDA.pdf,7850,1478
ibm-granite/granite-4.2-8b,train,103,Example-Mutual-Non-Disclosure-Agreement.pdf,3574,746
ibm-granite/granite-4.2-8b,train,104,Example-One-Way-Non-Disclosure-Agreement.pdf,3713,786
ibm-granite/granite-4.2-8b,train,105,ExcelerateStandardNDAFormat.pdf,10715,2109
ibm-granite/granite-4.2-8b,train,106,FELLCNDAStandardAgreement-22015.pdf,10763,2025
ibm-granite/granite-4.2-8b,train,108,FNHA-2019RFP-02-NDA-form.pdf,5217,955
ibm-granite/granite-4.2-8b,train,109,FSMAApprovedConfidentiality-MutualDistributor-FSMA4002.pdf,12079,2294
ibm-granite/granite-4.2-8b,train,110,Facility-Tour-Confidentiality-and-Non-Disclosure.pdf,2675,540
ibm-granite/granite-4.2-8b,train,111,Florida-Non-Disclosure-Agreement-NDA-Template.pdf,5076,1006
ibm-granite/granite-4.2-8b,train,112,Focus-Group-APIC-Seattle-Confidentiality-Agreement-031115.pdf,2907,548
ibm-granite/granite-4.2-8b,train,113,FormEConfidentialityandNon.pdf,10439,1991
ibm-granite/granite-4.2-8b,train,114,GSAOP0309-Non-disclosure-agreement.pdf,15990,3413
ibm-granite/granite-4.2-8b,train,115,GTC_CEII_Non_Disclosure_Agmt_05111_revised.pdf,13860,2789
ibm-granite/granite-4.2-8b,train,116,Geheimhaltungsvereinbarung_Abschlussarbeiten_HFU_englisch.pdf,5254,1003
ibm-granite/granite-4.2-8b,train,118,GreenStorm%20NDCSC.pdf,10967,2090
ibm-granite/granite-4.2-8b,train,119,Grindrod%20SA%20Confidentiality%20and%20Non-Disclosure%20Undertaking.pdf,5289,1108
ibm-granite/granite-4.2-8b,train,120,HALO-NDA.pdf,4062,828
ibm-granite/granite-4.2-8b,train,121,eulerhermes-nda.pdf,6110,1172
ibm-granite/granite-4.2-8b,train,122,example-NDA-one-way-short-form-2012-1.pdf,3584,740
ibm-granite/granite-4.2-8b,train,123,for-41-supplier-confidentiality-agreement-and-non-disclosure-agreement.pdf,1858,349
ibm-granite/granite-4.2-8b,train,124,form_NondisclosureBlanket.pdf,4916,995
ibm-granite/granite-4.2-8b,train,125,HNBA-2017-18-Confidentiality-Agreement.pdf,9781,1874
ibm-granite/granite-4.2-8b,train,126,IBC-PMS-NDA-agreement.pdf,19717,3915
ibm-granite/granite-4.2-8b,train,128,IGC-Non-Disclosure-Agreement-LSE-Sample.pdf,17105,3364
ibm-granite/granite-4.2-8b,train,130,INFOMAGNET%20NDA.pdf,8285,1546
ibm-granite/granite-4.2-8b,train,131,IPTK-CO-MutualNon-DisclosureAgreement.pdf,13539,2684
ibm-granite/granite-4.2-8b,train,132,Inaturals_NDA.pdf,5205,950
ibm-granite/granite-4.2-8b,train,133,JB-Machine-LLC-NDA-1.pdf,17266,3325
ibm-granite/granite-4.2-8b,train,134,JBF_NDA_rev-2017033-1.pdf,10704,1929
ibm-granite/granite-4.2-8b,train,135,JHUNDABilateral.pdf,5061,1085
ibm-granite/granite-4.2-8b,train,136,Kenway-NDA-Form-Blank.pdf,19025,3777
ibm-granite/granite-4.2-8b,train,137,Kerber_Non_Disclosure_Agreement.pdf,4850,917
ibm-granite/granite-4.2-8b,train,139,LSP-data-protection-form.drc_.pdf,4895,921
ibm-granite/granite-4.2-8b,train,141,Lead-NDA.pdf,3590,724
ibm-granite/granite-4.2-8b,train,142,LiiON%20NDA%202-27-2015%20v1.0.pdf,12222,2500
ibm-granite/granite-4.2-8b,train,143,MelbourneDatathon2017NDA.pdf,6122,1256
ibm-granite/granite-4.2-8b,train,144,helpjuice_production%2Fuploads%2Fupload%2Fimage%2F2329%2Fdirect%2F1526996160411-FullStory+Mutual+Non-Disclosure+Agreement+2018.pdf,10152,1937
ibm-granite/granite-4.2-8b,train,145,icc-court-non-disclosure-agreement-english.pdf,10577,1986
ibm-granite/granite-4.2-8b,train,146,ingram-non-disclosure.pdf,4612,866
ibm-granite/granite-4.2-8b,train,147,isca-nda.pdf,13012,2533
ibm-granite/granite-4.2-8b,train,148,khronos-mutual-nda.pdf,7227,1389
ibm-granite/granite-4.2-8b,train,149,lti-two-way-cda-template.pdf,8937,1742
ibm-granite/granite-4.2-8b,train,150,mcgill_mitacs_terms-january2013.pdf,24294,4829
ibm-granite/granite-4.2-8b,train,151,MNDA-V2-2-25-15.pdf,12540,2333
ibm-granite/granite-4.2-8b,train,153,MR_NON-DISCLOSURE-AGREEMENT.pdf,8804,1752
ibm-granite/granite-4.2-8b,train,154,MUTUAL-CONFIDENTIAL-NON-DISCLOSURE.pdf,8273,1696
ibm-granite/granite-4.2-8b,train,155,MUTUAL-NDA-Form-2.pdf,7169,1335
ibm-granite/granite-4.2-8b,train,156,MUTUAL-NON-CIRCUMVENT-and-NON-DISCLOSURE-20.pdf,10449,1932
ibm-granite/granite-4.2-8b,train,158,Model%20NDA%20(recommended%20by%20SWA).pdf,11231,2205
ibm-granite/granite-4.2-8b,train,159,Mutual%20NDA_Confidentiality.pdf,10645,2029
ibm-granite/granite-4.2-8b,train,160,Mutual%20Non%20Disclosure%20Agreement_0.pdf,12037,2247
ibm-granite/granite-4.2-8b,train,161,Mutual%20Non-Disclosure%20Agreement.pdf,14082,2768
ibm-granite/granite-4.2-8b,train,162,Mutual%20confidentiality%20and%20NDA%20-%20Final%20(2)%20(6)%2003%20July%202015.pdf,40673,8280
ibm-granite/granite-4.2-8b,train,163,Mutual+Confidentiality+Agreement_1.pdf,11356,2259
ibm-granite/granite-4.2-8b,train,164,Mutual-Non-Disclosure-Agreement-EN.pdf,13724,2741
ibm-granite/granite-4.2-8b,train,166,MutualNDA_The_Knights_of_Unity.pdf,12635,2349
ibm-granite/granite-4.2-8b,train,167,MutualNDA_Website.pdf,4804,907
ibm-granite/granite-4.2-8b,train,168,MutualNonDisclosureAgreement0104.pdf,5166,977
ibm-granite/granite-4.2-8b,train,169,Mutual_Nondisclosure_Agreement.pdf,16694,3115
ibm-granite/granite-4.2-8b,train,170,NCDG_Non-disclosure-agreement.pdf,13445,2645
ibm-granite/granite-4.2-8b,train,171,NDA_-_GWI_-_Technohubs_version_V1.pdf,6373,1387
ibm-granite/granite-4.2-8b,train,172,NDA_10.pdf,11268,2206
ibm-granite/granite-4.2-8b,train,173,NDA_13.pdf,7483,1454
ibm-granite/granite-4.2-8b,train,174,NDA_17.pdf,9263,1958
ibm-granite/granite-4.2-8b,train,176,NDA_5.pdf,3564,634
ibm-granite/granite-4.2-8b,train,177,NDA_6.pdf,6981,1347
ibm-granite/granite-4.2-8b,train,178,NDA_7.pdf,4398,867
ibm-granite/granite-4.2-8b,train,179,mnda-1110.pdf,8705,1641
ibm-granite/granite-4.2-8b,train,180,modelnondisclosureagreement1.pdf,4344,895
ibm-granite/granite-4.2-8b,train,182,mutual_non_disclosure_agreement-20171020.pdf,10464,1991
ibm-granite/granite-4.2-8b,train,183,nda_1.pdf,9394,1756
ibm-granite/granite-4.2-8b,train,184,nda_11.pdf,6444,1212
ibm-granite/granite-4.2-8b,train,186,nda_16.pdf,7571,1490
ibm-granite/granite-4.2-8b,train,187,nda_2.pdf,6691,1295
ibm-granite/granite-4.2-8b,train,188,nda_3.pdf,6567,1338
ibm-granite/granite-4.2-8b,train,189,nda_8.pdf,10828,2134
ibm-granite/granite-4.2-8b,train,191,NDA%2009%20for%20website.pdf,8256,1574
ibm-granite/granite-4.2-8b,train,192,NDA%20Form%20WEB_WITH%20Instructions%20%28RECIPROCAL%29%20%28v%202016-03-18_EN%29.pdf,12576,2552
ibm-granite/granite-4.2-8b,train,193,NDA%20UDRC%203-way%20Final.pdf,10380,2083
ibm-granite/granite-4.2-8b,train,194,NDA%20for%20Tender%20Ref%202201000050.pdf,11532,2273
ibm-granite/granite-4.2-8b,train,195,NDA-2015-2.pdf,5953,1141
ibm-granite/granite-4.2-8b,train,196,NDA-2016-DAB.pdf,11806,2303
ibm-granite/granite-4.2-8b,train,197,NDA-Agreement-NPAF.pdf,15646,2904
ibm-granite/granite-4.2-8b,train,198,NDA-Artop-Inno-2017.pdf,7291,1412
ibm-granite/granite-4.2-8b,train,199,NDA-Broker-Seller-for-Company-6-19-17.pdf,10545,1987
ibm-granite/granite-4.2-8b,train,200,NDA-CRG-ALL-2.pdf,6981,1321
ibm-granite/granite-4.2-8b,train,201,NDA-Dollar-General-Portfolio.pdf,8366,1606
ibm-granite/granite-4.2-8b,train,202,NDA-Fintricity-Blank.pdf,11721,2279
ibm-granite/granite-4.2-8b,train,203,NDA-Instructions-Agreement-Attachment.pdf,20129,4063
ibm-granite/granite-4.2-8b,train,204,NDA-M5-Systems.pdf,6366,1186
ibm-granite/granite-4.2-8b,train,206,NDA-ONSemi_IndustryAnalystConf-2011.pdf,9361,1720
ibm-granite/granite-4.2-8b,train,207,NDA-Prasad.pdf,6006,1154
ibm-granite/granite-4.2-8b,train,208,NDA-ROI-Corporation.pdf,4810,896
ibm-granite/granite-4.2-8b,train,209,NDA-STP-Performance-Coating-revC.pdf,11180,2190
ibm-granite/granite-4.2-8b,train,210,NDA-Seeed.pdf,10933,2101
ibm-granite/granite-4.2-8b,train,211,NDA-SqillerBetaTesters.pdf,7929,1687
ibm-granite/granite-4.2-8b,train,214,NDA-editable.pdf,3822,789
ibm-granite/granite-4.2-8b,train,215,NDA-for-Gar-Kenyon-Suppliers.pdf,5221,1014
ibm-granite/granite-4.2-8b,train,216,NDA-standard.pdf,9254,1758
ibm-granite/granite-4.2-8b,train,217,NDA.pdf,4560,893
ibm-granite/granite-4.2-8b,train,219,NDATC.pdf,6148,1139
ibm-granite/granite-4.2-8b,train,220,NDATyre%20Plant.pdf,12802,2659
ibm-granite/granite-4.2-8b,train,221,NDA_118.pdf,10750,2102
ibm-granite/granite-4.2-8b,train,222,NDA_22.pdf,12472,2675
ibm-granite/granite-4.2-8b,train,223,NDA_English.pdf,10280,2030
ibm-granite/granite-4.2-8b,train,224,NDA_Mutual_template2_5_2019.pdf,11883,2228
ibm-granite/granite-4.2-8b,train,226,NDA_Sample.pdf,4520,814
ibm-granite/granite-4.2-8b,train,229,NDA_VPI.pdf,3908,801
ibm-granite/granite-4.2-8b,train,230,NDA_and_assgmnt_of_ipMar2011.pdf,9552,1961
ibm-granite/granite-4.2-8b,train,231,NDA_eng.pdf,9707,2046
ibm-granite/granite-4.2-8b,train,232,NDA_for_Raffles_Translation_Website.pdf,9768,1939
ibm-granite/granite-4.2-8b,train,233,NDA_template.pdf,6217,1177
ibm-granite/granite-4.2-8b,train,234,NDCA.pdf,3616,676
ibm-granite/granite-4.2-8b,train,235,NDD.pdf,4051,776
ibm-granite/granite-4.2-8b,train,236,nda-employee-template.pdf,11481,2116
ibm-granite/granite-4.2-8b,train,237,nda-format-approved-by-legal-section.pdf,10462,2036
ibm-granite/granite-4.2-8b,train,238,nda2.pdf,7601,1430
ibm-granite/granite-4.2-8b,train,239,nda_19.pdf,2041,387
ibm-granite/granite-4.2-8b,train,240,nda_form_motorola.pdf,2712,945
ibm-granite/granite-4.2-8b,train,241,nda_gtl_inria.pdf,4558,1018
ibm-granite/granite-4.2-8b,train,242,nda_pine__en.pdf,8548,1763
ibm-granite/granite-4.2-8b,train,243,nda_template_final.pdf,14078,2665
ibm-granite/granite-4.2-8b,train,244,NEW_moi_ndform.pdf,7380,1408
ibm-granite/granite-4.2-8b,train,245,NMLS%20Accessibility%20NDA.pdf,14938,2702
ibm-granite/granite-4.2-8b,train,246,NON-DISCLOSURE-AGREEMENT_13.pdf,3676,826
ibm-granite/granite-4.2-8b,train,247,NON-Disclosure_Agreement_2.pdf,14958,3032
ibm-granite/granite-4.2-8b,train,248,NON_DISCLOSURE_AGREEMENT_5.pdf,7261,1394
ibm-granite/granite-4.2-8b,train,249,New_York_City_Bar_Association_Model_Form_of_Non-Disclosure_Agreement_2015.pdf,33405,6566
ibm-granite/granite-4.2-8b,train,250,Non Disclosure Agreement - CP Specific NDA (CreativeNDA-CPS121.1014).pdf,19254,3804
ibm-granite/granite-4.2-8b,train,251,Non-Discl_Reciprocal_2.pdf,6302,1133
ibm-granite/granite-4.2-8b,train,252,Non-Disclosure-Agreement-1.pdf,3127,626
ibm-granite/granite-4.2-8b,train,253,Non-Disclosure-Agreement-9-1-2018.pdf,6654,1406
ibm-granite/granite-4.2-8b,train,254,Non-Disclosure-Agreement_10.pdf,6622,1245
ibm-granite/granite-4.2-8b,train,255,Non-Disclosure-Agreement_11.pdf,11831,2229
ibm-granite/granite-4.2-8b,train,256,Non-Disclosure-Agreement_12.pdf,8741,1577
ibm-granite/granite-4.2-8b,train,257,Non-Disclosure-Agreement_3.pdf,9071,1741
ibm-granite/granite-4.2-8b,train,258,Non-Disclosure-Agreement_4.pdf,21912,4106
ibm-granite/granite-4.2-8b,train,259,Non-Disclosure-Agreement_6.pdf,2697,461
ibm-granite/granite-4.2-8b,train,260,Non-Disclosure-Agreement_ALL_englisch.pdf,6009,1265
ibm-granite/granite-4.2-8b,train,261,Non-Disclosure-Agreement_PreviewOnly.pdf,11921,2368
ibm-granite/granite-4.2-8b,train,262,Non-Disclosure_Agreement_oct2009.pdf,3532,587
ibm-granite/granite-4.2-8b,train,263,Non-Disclosure_Agreement_one_way_2014.pdf,9251,1773
ibm-granite/granite-4.2-8b,train,264,Non-disclosure-Agreement_7.pdf,5084,984
ibm-granite/granite-4.2-8b,train,265,Non-disclosure-Agreement_9.pdf,6876,1293
ibm-granite/granite-4.2-8b,train,267,Non_Disclosure_Agreement_1.pdf,9241,1728
ibm-granite/granite-4.2-8b,train,268,Non_Disclosure_Agreement_2.pdf,9906,1933
ibm-granite/granite-4.2-8b,train,269,Non_Disclosure_Agreement_3.pdf,6108,1216
ibm-granite/granite-4.2-8b,train,270,Non_Disclosure_Canada_BC.pdf,6583,1185
ibm-granite/granite-4.2-8b,train,271,Non_disclodure_contract.pdf,6016,1251
ibm-granite/granite-4.2-8b,train,272,nistmodelndareceiptofproprietaryinformationv20162fillableforwebsitedoc003pdf.pdf,5941,1214
ibm-granite/granite-4.2-8b,train,273,non-disclosure-agreement_1.pdf,27460,5650
ibm-granite/granite-4.2-8b,train,274,non-disclosure-agreement_2.pdf,7913,1479
ibm-granite/granite-4.2-8b,train,275,non-disclosure-agreement_5.pdf,10646,2052
ibm-granite/granite-4.2-8b,train,276,non-disclosure-agreement_8.pdf,6981,1235
ibm-granite/granite-4.2-8b,train,277,non-disclosure_201302814_english_.pdf,7095,1439
ibm-granite/granite-4.2-8b,train,278,non-disclosure_agreement.pdf,1863,336
ibm-granite/granite-4.2-8b,train,279,non-disclosure_agreement_1.pdf,5887,1183
ibm-granite/granite-4.2-8b,train,280,non-disclosure_confidentiality_agreement.pdf,8431,1750
ibm-granite/granite-4.2-8b,train,281,NRSC_2015_NDAForm.pdf,18054,3611
ibm-granite/granite-4.2-8b,train,282,NU%20Confidentiality%20Non-Disclosure%20%20Information%20Security%20Agreement%20Final%20....pdf,6146,1127
ibm-granite/granite-4.2-8b,train,283,NUSD-Non-Disclosure-Agreement.pdf,11523,2178
ibm-granite/granite-4.2-8b,train,284,Non%20Disclosure%20Agreement_1.pdf,3502,660
ibm-granite/granite-4.2-8b,train,285,Non-Disclosure%20Agreement%202015.pdf,5588,1030
ibm-granite/granite-4.2-8b,train,286,Non-Disclosure%20Agreement_3.pdf,10923,2119
ibm-granite/granite-4.2-8b,train,287,Non-Disclosure%20Agreement_5.pdf,13665,2641
ibm-granite/granite-4.2-8b,train,288,Non-Disclosure-Agreement-FORS-Cert-Body.pdf,6519,1347
ibm-granite/granite-4.2-8b,train,290,Non-Disclosure-Agreement-v1.pdf,3453,636
ibm-granite/granite-4.2-8b,train,291,Non-Disclosure-Agreement.pdf,6547,1226
ibm-granite/granite-4.2-8b,train,292,Non-Disclosure-NDA-UW-Oshkosh_FINALV2.pdf,8041,1566
ibm-granite/granite-4.2-8b,train,294,Non-Disclosure-SmartCMS.pdf,24758,5171
ibm-granite/granite-4.2-8b,train,295,Non-Disclosure-form.pdf,1481,282
ibm-granite/granite-4.2-8b,train,297,Non-disclosure%20Agreement_1.pdf,25342,5002
ibm-granite/granite-4.2-8b,train,298,Non-disclosure%20agreement_2.pdf,10040,1934
ibm-granite/granite-4.2-8b,train,299,Non-disclosure.pdf,3978,753
ibm-granite/granite-4.2-8b,train,300,NonDisEC12212010.pdf,9566,1788
ibm-granite/granite-4.2-8b,train,302,NonDisclosureAgreement_1.pdf,5254,1114
ibm-granite/granite-4.2-8b,train,303,NondisclosureAgreement_2.pdf,14776,2994
ibm-granite/granite-4.2-8b,train,304,O00216-000899A.pdf,12433,2391
ibm-granite/granite-4.2-8b,train,305,OMA-TestFest-NDA-2017.pdf,16688,3191
ibm-granite/granite-4.2-8b,train,306,One_way_NDA_EIPRHD_pdf_v1_11.03.2013.pdf,12465,2460
ibm-granite/granite-4.2-8b,train,308,non-disclosure-agreement-mutual-generic-blank.pdf,5466,957
ibm-granite/granite-4.2-8b,train,309,non-disclosure-agreement-template-netherlands-may-2012.pdf,12338,2462
ibm-granite/granite-4.2-8b,train,311,non-disclosure-agreement-to-public-tender-for-fleet-and-bus-services-f-2854607.pdf,13104,2447
ibm-granite/granite-4.2-8b,train,312,nondisclosure-Engl.pdf,10678,2162
ibm-granite/granite-4.2-8b,train,313,nondisclosure.pdf,6052,1141
ibm-granite/granite-4.2-8b,train,314,nondisclosureagreement.pdf,11466,2205
ibm-granite/granite-4.2-8b,train,315,oceaneering-non-disclosure-agreement.pdf,5707,1155
ibm-granite/granite-4.2-8b,train,316,one-way_nda_ji_form.pdf,9598,1767
ibm-granite/granite-4.2-8b,train,317,OOR104E_Non-Disclosure_Agreement-Company.pdf,19954,3979
ibm-granite/granite-4.2-8b,train,318,One-Way-Non-Disclosure-Agreement-EN.pdf,12766,2626
ibm-granite/granite-4.2-8b,train,319,P27CB13028.pdf,9763,1986
ibm-granite/granite-4.2-8b,train,320,Petrolube_NDA.pdf,10698,2309
ibm-granite/granite-4.2-8b,train,322,Proctor_Agreement.pdf,3634,696
ibm-granite/granite-4.2-8b,train,323,Project%20LAS%20RFI%20Non-Disclosure%20Agreement.pdf,11072,2143
ibm-granite/granite-4.2-8b,train,324,ProtectedData-MMD-NonDisclosureAgreementSubmissionInstructions.pdf,8707,1757
ibm-granite/granite-4.2-8b,train,325,partner_nda_en.pdf,11958,2279
ibm-granite/granite-4.2-8b,train,326,pp%2011%20-%20non-disclosure%20agreement%20mutual.pdf,14725,3051
ibm-granite/granite-4.2-8b,train,327,PS20131165-Non-DisclosureAgreement.pdf,10075,2023
ibm-granite/granite-4.2-8b,train,328,PSGT Agreement NDA New Supplier Non Disclosure Template DC.pdf,14774,2884
ibm-granite/granite-4.2-8b,train,329,QEP-Williston-Form-of-Confidentiality-Agreement-BMO.pdf,22117,4201
ibm-granite/granite-4.2-8b,train,330,QSA_NDA.pdf,3341,622
ibm-granite/granite-4.2-8b,train,331,QuickBooks-NDA-template.pdf,8105,1384
ibm-granite/granite-4.2-8b,train,332,RFP20171008-RFPPublishingNotice.pdf,13942,2829
ibm-granite/granite-4.2-8b,train,333,RFP_Telephony-NDA_Attachment-F.pdf,4525,856
ibm-granite/granite-4.2-8b,train,334,RROI_Confidentiality_Agreement_Final.pdf,23617,4551
ibm-granite/granite-4.2-8b,train,335,Roundhouse-Creative-Mutual-NDA.pdf,6615,1231
ibm-granite/granite-4.2-8b,train,337,SE_NDCA_and_PRE-QUAL_PACKAGE_March-2016.pdf,14026,2565
ibm-granite/granite-4.2-8b,train,338,SINTEC-UK-LTD-Non-disclosure-agreement-2017.pdf,7930,1569
ibm-granite/granite-4.2-8b,train,339,SMT-R-100-01-NON-DISCLOSURE-AGREEMENT.pdf,2248,450
ibm-granite/granite-4.2-8b,train,340,SONGS%20RFP%20Confidentiality%20Agreement_201705051754392249.pdf,10670,2076
ibm-granite/granite-4.2-8b,train,341,Sample NonDisclosure Agreement.pdf,11668,2289
ibm-granite/granite-4.2-8b,train,342,Sample%20NDA%202018.pdf,9622,1781
ibm-granite/granite-4.2-8b,train,343,Section%2013%20Non-Disclosure%20Agreement.pdf,12329,2374
ibm-granite/granite-4.2-8b,train,344,Sony%20Pictures%20Television%20NDA%20(Executed).pdf,28304,5326
ibm-granite/granite-4.2-8b,train,345,Standard%20NDA%20by%20Axial.pdf,11387,2227
ibm-granite/granite-4.2-8b,train,346,Startup_Pack_nondisclosure_agreement.pdf,13207,2711
ibm-granite/granite-4.2-8b,train,347,SupplementOne-NDA.pdf,8959,1806
ibm-granite/granite-4.2-8b,train,348,Supplier_Non-Disclosure_Agreement.pdf,10959,2029
ibm-granite/granite-4.2-8b,train,349,Supplier_Non_Disclosure.pdf,14075,2660
ibm-granite/granite-4.2-8b,train,350,T:\proc_notices\notices_020_k\notice_doc_18628_158011843.pdf,9751,1792
ibm-granite/granite-4.2-8b,train,351,TSE-TSE-OK-WHK-Mutual-NDA-Fill-in-Blanks-4-29-2019.pdf,11634,2250
ibm-granite/granite-4.2-8b,train,352,TabunKitchenInvestments-NDA.pdf,9888,1935
ibm-granite/granite-4.2-8b,train,353,Tazza-CAFFE-Confidentiality-Agreement.pdf,8468,1773
ibm-granite/granite-4.2-8b,train,355,Template-NDA.pdf,20439,3852
ibm-granite/granite-4.2-8b,train,356,Third-Party Non-Disclosure Agreement.pdf,8799,1638
ibm-granite/granite-4.2-8b,train,358,US-Non-Disclosure-Agreement.pdf,6690,1286
ibm-granite/granite-4.2-8b,train,359,US_Non-Disclosure_Agreement_v2_2015.pdf,8333,1565
ibm-granite/granite-4.2-8b,train,360,UT_Universal_NDA_2014_OIE.pdf,11009,2114
ibm-granite/granite-4.2-8b,train,362,WEB-NDA-Mutual-Customer-and-Allazo-Electronics-v2.pdf,11977,2278
ibm-granite/granite-4.2-8b,train,363,WEBSITE%20MNDA.pdf,12166,2339
ibm-granite/granite-4.2-8b,train,364,WECC_Confidentiality_Agreement.pdf,8645,1745
ibm-granite/granite-4.2-8b,train,365,resolution-2012-03-014r.pdf,10847,2106
ibm-granite/granite-4.2-8b,train,366,resources-non-disclosure-agreement.pdf,6641,1213
ibm-granite/granite-4.2-8b,train,367,rqnda.pdf,9144,1776
ibm-granite/granite-4.2-8b,train,368,sample-nrel-bilateral-nda-template.pdf,9269,1909
ibm-granite/granite-4.2-8b,train,369,sample_nda.pdf,16241,3004
ibm-granite/granite-4.2-8b,train,370,simply-fashion---standard-nda.pdf,12605,2326
ibm-granite/granite-4.2-8b,train,371,sm-fm-14-01-rev-1-reciprocal-non-disclosure-agreement.pdf,10074,2041
ibm-granite/granite-4.2-8b,train,372,standard_clinical_trial_nda2.pdf,6035,1218
ibm-granite/granite-4.2-8b,train,373,standard_nda.pdf,10785,2072
ibm-granite/granite-4.2-8b,train,374,stony_hill_buyer_nda.pdf,9255,1750
ibm-granite/granite-4.2-8b,train,375,thoughtbot-mutual-nda.pdf,6112,1171
ibm-granite/granite-4.2-8b,train,376,tpi-non-disclosure-agreement_1.pdf,11012,2174
ibm-granite/granite-4.2-8b,train,377,ttp-nda.pdf,6738,1292
ibm-granite/granite-4.2-8b,train,378,vmw-certification-conduct-policy.pdf,3428,666
ibm-granite/granite-4.2-8b,train,379,wayne-fueling-systems-mutual-non-disclosure-agreement-final.pdf,12887,2470
ibm-granite/granite-4.2-8b,train,380,ws-confidentiality-and-non-disclosure-agreement.pdf,11650,2493
ibm-granite/granite-4.2-8b,train,382,24104_0000024104-96-000010_document_3.txt,9169,1990
ibm-granite/granite-4.2-8b,train,383,26820_0000936392-03-001111_a92217exv10w5.txt,15342,3174
ibm-granite/granite-4.2-8b,train,384,32251_0000950133-99-003991_document_17.txt,10271,1948
ibm-granite/granite-4.2-8b,train,385,354452_0000950123-99-011178_document_13.txt,10794,2140
ibm-granite/granite-4.2-8b,train,386,356841_0000950109-98-003750_document_2.txt,4988,1022
ibm-granite/granite-4.2-8b,train,388,69067_0000927016-00-002123_0010.txt,8891,1702
ibm-granite/granite-4.2-8b,train,390,731947_0000950123-02-007159_y62132e3exv99wdw21.txt,5629,1114
ibm-granite/granite-4.2-8b,train,391,736291_0000930661-99-001320_document_3.txt,18349,3888
ibm-granite/granite-4.2-8b,train,393,769592_0000950133-02-003341_w64132exv10w4.txt,6780,1362
ibm-granite/granite-4.2-8b,train,394,770461_0001144204-05-023830_v022988_ex10-6.txt,13454,2810
ibm-granite/granite-4.2-8b,train,396,87814_0000930661-96-001456_document_4.txt,5438,1074
ibm-granite/granite-4.2-8b,train,397,87888_0000912057-97-029111_document_6.txt,14841,3180
ibm-granite/granite-4.2-8b,train,399,96238_0000950103-97-000583_document_4.txt,13914,2701
ibm-granite/granite-4.2-8b,train,402,1006459_0000912057-97-027623_document_19.txt,3290,667
ibm-granite/granite-4.2-8b,train,403,770461_0001144204-06-041516_v054278_ex10-7.txt,14783,3087
ibm-granite/granite-4.2-8b,train,404,799485_0000950136-00-001643_0013.txt,15735,3109
ibm-granite/granite-4.2-8b,train,407,816955_0000899243-97-001962_document_4.txt,15632,3091
ibm-granite/granite-4.2-8b,train,409,828957_0000950109-98-001266_document_19.txt,12223,2296
ibm-granite/granite-4.2-8b,train,410,859119_0000950123-98-001418_document_15.txt,16129,3068
ibm-granite/granite-4.2-8b,train,414,897730_0000950136-98-001457_document_7.txt,7436,1456
ibm-granite/granite-4.2-8b,train,415,899240_0000912057-01-007226_a2040095zex-99_9d1.txt,10998,2146
ibm-granite/granite-4.2-8b,train,416,900091_0001047469-97-003029_document_4.txt,8423,1653
ibm-granite/granite-4.2-8b,train,417,912592_0000929624-98-000842_document_20.txt,12048,2614
ibm-granite/granite-4.2-8b,train,418,912643_0001045969-00-000244_document_3.txt,6785,1229
ibm-granite/granite-4.2-8b,train,419,913949_0000950149-96-000782_document_6.txt,3650,729
ibm-granite/granite-4.2-8b,train,420,916529_0000927016-97-001071_document_2.txt,4623,1026
ibm-granite/granite-4.2-8b,train,421,917253_0000917253-00-000008_document_8.txt,21849,4259
ibm-granite/granite-4.2-8b,train,422,920729_0000891618-96-000819_document_6.txt,11134,2141
ibm-granite/granite-4.2-8b,train,423,922237_0000950005-02-000645_p15515_ex10-19.txt,7720,1449
ibm-granite/granite-4.2-8b,train,424,922913_0000943440-00-000122_document_2.txt,3815,803
ibm-granite/granite-4.2-8b,train,425,922913_0000943440-00-000294_0004.txt,4194,870
ibm-granite/granite-4.2-8b,train,426,925544_0000950144-00-010739_ex99-d4.txt,7635,1497
ibm-granite/granite-4.2-8b,train,427,925942_0001047469-98-029396_document_13.txt,13416,2579
ibm-granite/granite-4.2-8b,train,428,930796_0000950123-05-001407_y05539exv99w5.txt,12110,2251
ibm-granite/granite-4.2-8b,train,430,935703_0001047469-98-030238_document_4.txt,21400,4469
ibm-granite/granite-4.2-8b,train,431,938733_0000912057-99-002412_document_3.txt,15090,3019
ibm-granite/granite-4.2-8b,train,434,1012459_0000912057-97-027209_document_4.txt,8748,1707
ibm-granite/granite-4.2-8b,train,436,1013687_0000950144-96-001973_document_37.txt,4192,770
ibm-granite/granite-4.2-8b,train,437,1013687_0000950144-96-001973_document_38.txt,7449,1266
ibm-granite/granite-4.2-8b,train,438,1014552_0000950148-01-500497_v71961toex99-d3.txt,19793,3784
ibm-granite/granite-4.2-8b,train,439,1014959_0000950116-96-000618_document_7.txt,10833,2252
ibm-granite/granite-4.2-8b,train,441,1017358_0001017358-97-000002_document_4.txt,8889,1761
ibm-granite/granite-4.2-8b,train,442,1017545_0001012870-97-001500_document_2.txt,4181,800
ibm-granite/granite-4.2-8b,train,443,1018761_0000950130-96-004285_document_6.txt,2416,493
ibm-granite/granite-4.2-8b,train,445,1021096_0000914317-03-001205_ex2-2.txt,6585,1340
ibm-granite/granite-4.2-8b,train,447,1029445_0000940180-97-000212_document_12.txt,9936,2209
ibm-granite/granite-4.2-8b,train,448,1030471_0001012870-01-501268_dex1065.txt,5842,1084
ibm-granite/granite-4.2-8b,train,449,1031896_0000950147-01-501725_ex10-8.txt,2123,444
ibm-granite/granite-4.2-8b,train,450,1039399_0000891618-02-001883_f80848orex10-19.txt,11160,2135
ibm-granite/granite-4.2-8b,train,453,1043431_0000950133-00-000090_document_15.txt,6366,1274
ibm-granite/granite-4.2-8b,train,454,1044777_0000950124-98-000388_document_7.txt,1927,429
ibm-granite/granite-4.2-8b,train,457,1052946_0000950134-98-001627_document_4.txt,2498,563
ibm-granite/granite-4.2-8b,train,458,1053949_0001005150-98-000126_document_8.txt,4140,791
ibm-granite/granite-4.2-8b,train,459,1061148_0001047469-98-018914_document_17.txt,12600,2515
ibm-granite/granite-4.2-8b,train,460,1062579_0000950123-99-005018_document_3.txt,8264,1722
ibm-granite/granite-4.2-8b,train,461,1062760_0001015402-05-001930_doc17.txt,5616,1132
ibm-granite/granite-4.2-8b,train,462,1065748_0000950131-00-004465_0016.txt,6094,1235
ibm-granite/granite-4.2-8b,train,463,1067797_0001032210-99-000668_document_8.txt,11027,2086
ibm-granite/granite-4.2-8b,train,464,1070052_0000950130-01-501801_dex99d2.txt,13038,2495
ibm-granite/granite-4.2-8b,train,466,1074663_0001090002-01-500104_ex102.txt,5452,1279
ibm-granite/granite-4.2-8b,train,467,1077050_0000950147-99-000049_document_10.txt,10470,2068
ibm-granite/granite-4.2-8b,train,468,1077150_0001077048-99-000003_document_23.txt,3642,748
ibm-granite/granite-4.2-8b,train,469,1077150_0001077048-99-000003_document_25.txt,9750,1866
ibm-granite/granite-4.2-8b,train,470,1082797_0000950131-01-501837_dex99d2.txt,7500,1537
ibm-granite/granite-4.2-8b,train,472,1085220_0001014909-04-000090_exh6_3.txt,6957,1327
ibm-granite/granite-4.2-8b,train,473,1089717_0000898430-99-004004_document_2.txt,7566,1377
ibm-granite/granite-4.2-8b,train,474,1089786_0000912057-00-052660_a2032473zex-99_e2.txt,14200,2713
ibm-granite/granite-4.2-8b,train,475,1094017_0000921895-00-000237_document_5.txt,7441,1458
ibm-granite/granite-4.2-8b,train,477,1095563_0000950168-99-002585_document_2.txt,10852,2131
ibm-granite/granite-4.2-8b,train,481,1100182_0001107049-00-000014_document_23.txt,7371,1483
ibm-granite/granite-4.2-8b,train,483,1101204_0001085037-00-000208_0015.txt,7033,1449
ibm-granite/granite-4.2-8b,train,484,1102301_0001094328-04-000141_freesarex23052004.txt,9047,1871
ibm-granite/granite-4.2-8b,train,485,1103062_0001017951-00-000016_document_13.txt,10282,1923
ibm-granite/granite-4.2-8b,train,487,1105503_0000950123-00-006736_ex10-14.txt,8095,1588
ibm-granite/granite-4.2-8b,train,489,1108906_0000889812-00-001212_document_45.txt,5198,1023
ibm-granite/granite-4.2-8b,train,490,1111682_0000950123-00-003802_document_15.txt,4219,898
ibm-granite/granite-4.2-8b,train,492,1120792_0001019687-05-001599_morgan_sb2a1-ex1408.txt,8516,1673
ibm-granite/granite-4.2-8b,train,494,1123713_0001021408-00-003137_0016.txt,9916,1915
ibm-granite/granite-4.2-8b,train,495,1125576_0000928385-02-000738_dex991d2.txt,4427,928
ibm-granite/granite-4.2-8b,train,499,1178133_0000950131-03-000129_dex1013.txt,9711,1909
ibm-granite/granite-4.2-8b,train,500,1240722_0001161697-03-000454_exhibit_10-12.txt,10955,2341
ibm-granite/granite-4.2-8b,train,501,1285543_0001013762-05-000550_may52005sb2ex1019.txt,4708,946
ibm-granite/granite-4.2-8b,train,502,1420529_0001145549-08-000077_h00839a1exv10w4.txt,12711,2483
ibm-granite/granite-4.2-8b,train,503,103884_0001193125-12-338104_d390544dex99d3.htm,14644,2854
ibm-granite/granite-4.2-8b,train,504,14803_0001047469-04-012846_a2134202zex-99_e3.htm,17572,3502
ibm-granite/granite-4.2-8b,train,505,25895_0000950134-07-023464_d51356exv10w1.htm,15460,3179
ibm-granite/granite-4.2-8b,train,509,55805_0001145443-10-001028_d26631_ex99-d3.htm,14356,2760
ibm-granite/granite-4.2-8b,train,512,703339_0001387308-13-000090_ex101.htm,16947,3342
ibm-granite/granite-4.2-8b,train,513,703361_0001193125-12-242586_d356019dex9910.htm,14244,2620
ibm-granite/granite-4.2-8b,train,515,714562_0001104659-19-001345_a18-42231_6ex10d8.htm,29627,5716
ibm-granite/granite-4.2-8b,train,516,741696_0001193125-10-290887_dex99d9.htm,16948,3311
ibm-granite/granite-4.2-8b,train,517,75448_0001193125-05-158309_dex99d4.htm,10147,1959
ibm-granite/granite-4.2-8b,train,518,768262_0001193125-10-128597_dex99d2.htm,21972,4180
ibm-granite/granite-4.2-8b,train,519,792130_0001193125-18-326077_d601641dex99d3.htm,24194,4746
ibm-granite/granite-4.2-8b,train,520,801338_0000950134-07-015617_c16542toexv99wxdyx5y.htm,4679,921
ibm-granite/granite-4.2-8b,train,522,803647_0001047469-17-006266_a2233487zex-99_d2.htm,10964,2056
ibm-granite/granite-4.2-8b,train,524,832995_0000912057-00-054331_a2033550zex-99_d13.htm,20210,3891
ibm-granite/granite-4.2-8b,train,525,845818_0001193125-11-195725_dex99d8.htm,18357,3525
ibm-granite/granite-4.2-8b,train,527,858452_0001193125-12-123549_d317599dex99d3.htm,12933,2417
ibm-granite/granite-4.2-8b,train,529,863895_0001144204-05-038795_v030731_ex10-2.htm,5430,1059
ibm-granite/granite-4.2-8b,train,530,865415_0001047469-15-007494_a2226057zex-99_d4.htm,11825,2275
ibm-granite/granite-4.2-8b,train,531,874265_0001193125-05-138436_dex99d1.htm,23979,4468
ibm-granite/granite-4.2-8b,train,534,880562_0001193125-15-346821_d93800dex3.htm,19281,3694
ibm-granite/granite-4.2-8b,train,535,881790_0001104659-12-052730_a12-17284_1ex99d1.htm,15724,3092
ibm-granite/granite-4.2-8b,train,536,888953_0001193125-13-044630_d480503dex99e6.htm,20887,4081
ibm-granite/granite-4.2-8b,train,538,912263_0001104659-12-004811_a12-3671_1ex2.htm,23747,4711
ibm-granite/granite-4.2-8b,train,541,1001917_0000950123-08-007542_y61533exv99wdw3.htm,10240,1977
ibm-granite/granite-4.2-8b,train,545,1013240_0001047469-04-010350_a2132633zex-10_22.htm,13795,2918
ibm-granite/granite-4.2-8b,train,548,1041550_0001104659-19-001346_a18-42231_6ex10d8.htm,29627,5717
ibm-granite/granite-4.2-8b,train,550,1045080_0001047469-02-004620_a2094681zex-99_d5.htm,10766,2085
ibm-granite/granite-4.2-8b,train,551,1046880_0001193125-11-323050_d262064dex992.htm,16689,3163
ibm-granite/granite-4.2-8b,train,553,1053352_0001104659-07-049383_a07-17151_1ex10d5.htm,22591,4524
ibm-granite/granite-4.2-8b,train,554,1053374_0001144204-18-062970_tv508217_ex-d2.htm,11863,2267
ibm-granite/granite-4.2-8b,train,556,1063085_0000950134-09-011390_f52580exv99wxeyx3y.htm,23184,4335
ibm-granite/granite-4.2-8b,train,557,1068874_0001068874-07-000012_ex10_2.htm,14473,3052
ibm-granite/granite-4.2-8b,train,559,1089029_0000950123-07-007908_y31303a1exv10w13.htm,3909,839
ibm-granite/granite-4.2-8b,train,560,1094007_0001193125-10-258977_dex101.htm,6981,1372
ibm-granite/granite-4.2-8b,train,561,1094038_0000950134-05-007541_d23996exv10w4.htm,8972,1861
ibm-granite/granite-4.2-8b,train,562,1094348_0001144204-18-026846_tv493416_exd2.htm,22111,4077
ibm-granite/granite-4.2-8b,train,566,1112422_0000950153-08-001257_p75864exv99wxeyx4y.htm,21679,4177
ibm-granite/granite-4.2-8b,train,567,1112999_0001193125-08-214471_dex105.htm,11978,2422
ibm-granite/granite-4.2-8b,train,568,1113303_0000892917-12-000026_stilffnw13d120112am2ex3.htm,6217,1304
ibm-granite/granite-4.2-8b,train,569,1119985_0001047469-04-035924_a2147858zex-2_5.htm,15000,2926
ibm-granite/granite-4.2-8b,train,570,1142512_0001193125-14-269726_d757168dex99e3.htm,12640,2419
ibm-granite/granite-4.2-8b,train,571,1163932_0001193125-13-394191_d606730dex99d2.htm,23750,4535
ibm-granite/granite-4.2-8b,train,572,1167294_0001193125-15-218134_d933068dex99d3.htm,32601,6117
ibm-granite/granite-4.2-8b,train,573,1175638_0000912057-02-024619_a2082526zex-10_3.htm,5743,1261
ibm-granite/granite-4.2-8b,train,574,1177845_0001193125-18-219243_d519554dex99d3.htm,26398,5173
ibm-granite/granite-4.2-8b,train,576,1274644_0001193125-17-338759_d485523dex99d2.htm,9119,1849
ibm-granite/granite-4.2-8b,train,577,1277090_0001104659-05-057084_a05-20673_1ex10.htm,11572,2222
ibm-granite/granite-4.2-8b,train,578,1277141_0001193125-15-184193_d923647dex99d2.htm,24922,4748
ibm-granite/granite-4.2-8b,train,579,1280058_0001193125-12-023311_d287213dex99d3.htm,21900,4173
ibm-granite/granite-4.2-8b,train,580,1288379_0000950123-07-003101_y31044exv99wdw5.htm,16452,3359
ibm-granite/granite-4.2-8b,train,581,1288379_0000950123-07-003101_y31044exv99wdw6.htm,18216,3661
ibm-granite/granite-4.2-8b,train,583,913610_0001047469-03-027395_a2116567zex-99_e3.htm,19444,3711
ibm-granite/granite-4.2-8b,train,587,918541_0001193125-14-328980_d785003dex105.htm,16499,3462
ibm-granite/granite-4.2-8b,train,588,931784_0001104659-07-068716_a07-23871_1ex2.htm,20705,3944
ibm-granite/granite-4.2-8b,train,589,948850_0000950123-10-020820_p17071exv99wew4.htm,14161,2720
ibm-granite/granite-4.2-8b,train,592,1323115_0000950123-10-098499_c60911exv99wdw3.htm,10982,2099
ibm-granite/granite-4.2-8b,train,593,1329919_0001193125-14-149149_d701401dex99d6.htm,29866,5659
ibm-granite/granite-4.2-8b,train,594,1332602_0001193125-12-512465_d454990dex99d2.htm,22412,4255
ibm-granite/granite-4.2-8b,train,597,1363033_0001144204-06-024852_v045245_ex10-8.htm,6051,1339
ibm-granite/granite-4.2-8b,train,599,1367408_0001367408-06-000002_risb2ex105.htm,2169,467
ibm-granite/granite-4.2-8b,train,602,1372664_0001193125-12-159071_d333885dex99d9.htm,19715,3963
ibm-granite/granite-4.2-8b,train,603,1373467_0001096350-07-000140_ex99threea.htm,8881,1817
ibm-granite/granite-4.2-8b,train,604,1373671_0001193125-10-265249_dex99d3.htm,21969,4171
ibm-granite/granite-4.2-8b,train,607,1413447_0001193125-16-771498_d295023dex99d5.htm,28008,5312
ibm-granite/granite-4.2-8b,train,608,1424657_0001213900-16-016691_f8k082516ex99iii_nextgroup.htm,6715,1264
ibm-granite/granite-4.2-8b,train,609,1430300_0000950152-08-005260_l32384aexv10w7.htm,1655,349
ibm-granite/granite-4.2-8b,train,612,1466739_0001002014-12-000470_exh10-4.htm,5609,1090
ibm-granite/granite-4.2-8b,train,613,1473637_0001432093-12-000764_ex10-34.htm,8033,1621
ibm-granite/granite-4.2-8b,train,614,1475274_0001567619-17-000751_s001644x1_exd-2.htm,23175,4539
ibm-granite/granite-4.2-8b,train,615,1485469_0001193125-19-222469_d760929dex99d3.htm,35147,6903
ibm-granite/granite-4.2-8b,train,616,1487101_0001140361-19-008970_nc10001202x4_ex-d2.htm,24331,4675
ibm-granite/granite-4.2-8b,train,617,1501697_0001193125-19-145463_d944716dex108.htm,6359,1212
ibm-granite/granite-4.2-8b,train,618,1561604_0001193125-12-472390_d438799dex99d3.htm,25313,4994
ibm-granite/granite-4.2-8b,train,619,1574111_0001193125-14-440569_d826999dex99d5.htm,14589,2836
ibm-granite/granite-4.2-8b,train,620,1592288_0001193125-17-306543_d469659dex99e2.htm,22348,4300
ibm-granite/granite-4.2-8b,train,621,1609351_0001193125-19-066373_d642137dex99d2.htm,20752,3943
ibm-granite/granite-4.2-8b,train,622,1628908_0001193125-15-169530_d838828dex1016.htm,54571,11589
ibm-granite/granite-4.2-8b,train,623,1689602_0001144204-16-140940_v455386_ex10-3.htm,18476,3561
ibm-granite/granite-4.2-8b,train,624,1693664_0001193125-18-171470_d426098dex99d3.htm,24865,4867
ibm-granite/granite-4.2-8b,dev,3,09-24-2019-04-25-05-3914910473.pdf,11142,2177
ibm-granite/granite-4.2-8b,dev,7,1438076025NDA_28072015%20-%20AHPL.pdf,29838,6003
ibm-granite/granite-4.2-8b,dev,9,17.04.01%20BPS%20Non-Disclosure%20and%20Data%20Sharing%20Agreement%20-%20Transportation%20Challenge%20vF.pdf,17304,3408
ibm-granite/granite-4.2-8b,dev,10,180314-March-14-2018-SOW-M.pdf,12488,2556
ibm-granite/granite-4.2-8b,dev,12,183.pdf,7689,1535
ibm-granite/granite-4.2-8b,dev,13,20150916-model-sharing-non-disclosure-agreement.pdf,22109,4139
ibm-granite/granite-4.2-8b,dev,14,245490.pdf,5516,1084
ibm-granite/granite-4.2-8b,dev,15,2_waycda.pdf,4912,894
ibm-granite/granite-4.2-8b,dev,16,3511_standard_nda.pdf,8949,1615
ibm-granite/granite-4.2-8b,dev,17,36C25520Q0076-013.pdf,16072,2963
ibm-granite/granite-4.2-8b,dev,19,426-2017_Appendix_C-Sample_Non-Disclosure_Agreement.pdf,7941,1612
ibm-granite/granite-4.2-8b,dev,20,5-Appendix-Non-Disclosure-Agreement-Mutual.pdf,7022,1369
ibm-granite/granite-4.2-8b,dev,27,AICPMutualNDA_1219166_writableV2.pdf,14192,2559
ibm-granite/granite-4.2-8b,dev,28,ATI%20504%20US%20Mutual%20NDA.pdf,10339,1979
ibm-granite/granite-4.2-8b,dev,29,Acme%20Corporation%20Inc%20NDA%20template.pdf,6126,1110
ibm-granite/granite-4.2-8b,dev,32,Agreement_6_28_07.pdf,15314,2853
ibm-granite/granite-4.2-8b,dev,33,Annex 18 - Non-Disclosure Agreement.pdf,12449,2613
ibm-granite/granite-4.2-8b,dev,35,Annexure-3_Confidentiality-Agreement.pdf,22707,4649
ibm-granite/granite-4.2-8b,dev,37,Attachment 9 -  Non Disclosure Agreement (Version 1).pdf,16713,3488
ibm-granite/granite-4.2-8b,dev,39,Attachment%203%20-%20Confidentiality%20Release%20Form_201504131404512865.pdf,5837,1184
ibm-granite/granite-4.2-8b,dev,44,BOMI%20Non-Disclosure%20Agreement.pdf,5925,1191
ibm-granite/granite-4.2-8b,dev,45,BTS_NDA.pdf,6573,1284
ibm-granite/granite-4.2-8b,dev,54,C_TERMS_NDA_EN.pdf,7731,1510
ibm-granite/granite-4.2-8b,dev,56,annex-2-sample-non-disclosure-agreement.pdf,11831,2291
ibm-granite/granite-4.2-8b,dev,61,ccporappdev-rfp-att8.pdf,12794,2501
ibm-granite/granite-4.2-8b,dev,63,CI-Non-Disclosure-Agreement-an5h.pdf,11845,2169
ibm-granite/granite-4.2-8b,dev,64,CNDA1218Draft3.pdf,32359,5880
ibm-granite/granite-4.2-8b,dev,69,Confidentiality%20ND%20Agreement%209.pdf,17538,3322
ibm-granite/granite-4.2-8b,dev,70,Confidentiality%20Non-Disclosure%20and%20Appropriate%20Use%20Agreement%20-%20FAU.01082016.pdf,6562,1277
ibm-granite/granite-4.2-8b,dev,71,Confidentiality%20and%20Non-Disclosure%20Agreement%20%28CNA-1%29.pdf,3312,549
ibm-granite/granite-4.2-8b,dev,72,Confidentiality%20and%20Non-Disclosure%20Agreement.pdf,15178,3075
ibm-granite/granite-4.2-8b,dev,73,Confidentiality-and-Non-Disclosure-Agreement-LSI-ABC.pdf,32335,6325
ibm-granite/granite-4.2-8b,dev,75,Confidentiality.pdf,8230,1512
ibm-granite/granite-4.2-8b,dev,79,Confidentiality_and_Non-Disclosure_Agreement.pdf,7059,1427
ibm-granite/granite-4.2-8b,dev,81,clearcenter-rnda.pdf,6927,1281
ibm-granite/granite-4.2-8b,dev,82,confagree.pdf,5681,1147
ibm-granite/granite-4.2-8b,dev,152,MNDA.pdf,6982,1356
ibm-granite/granite-4.2-8b,dev,205,NDA-No-Reservations-Layer-8-Security.pdf,13609,2744
ibm-granite/granite-4.2-8b,dev,381,109261_0000950172-02-002217_los283194.txt,13450,2846
ibm-granite/granite-4.2-8b,dev,398,88190_0000950144-96-003474_document_2.txt,13544,2766
ibm-granite/granite-4.2-8b,dev,405,804151_0000950144-97-007563_document_14.txt,14464,2755
ibm-granite/granite-4.2-8b,dev,406,813562_0000950117-99-001205_document_14.txt,7635,1581
ibm-granite/granite-4.2-8b,dev,411,859792_0001005477-96-000681_document_3.txt,9425,1989
ibm-granite/granite-4.2-8b,dev,435,1013322_0000912057-00-023405_document_2.txt,6634,1215
ibm-granite/granite-4.2-8b,dev,440,1016503_0000929624-00-000894_0010.txt,11299,2189
ibm-granite/granite-4.2-8b,dev,456,1052303_0000950109-98-003654_document_16.txt,2270,452
ibm-granite/granite-4.2-8b,dev,478,1096182_0001144204-06-021678_v043804_ex10-3.txt,12583,2507
ibm-granite/granite-4.2-8b,dev,482,1100772_0001038838-02-000125_ex1032sb2no5.txt,5224,973
ibm-granite/granite-4.2-8b,dev,486,1104332_0000950144-00-008876_ex10-26.txt,7303,1482
ibm-granite/granite-4.2-8b,dev,488,1108244_0001012870-00-001650_document_32.txt,4323,782
ibm-granite/granite-4.2-8b,dev,507,313522_0000912057-02-040085_a2091647zex-99_d3.htm,7339,1376
ibm-granite/granite-4.2-8b,dev,547,1021097_0001047469-11-001653_a2202345zex-99_d10.htm,6959,1356
ibm-granite/granite-4.2-8b,dev,563,1094814_0001140361-18-017998_s002178x1_ex99d7.htm,13208,2505
ibm-granite/granite-4.2-8b,dev,575,1253176_0001193125-18-317778_d567323dex1024.htm,10059,2066
ibm-granite/granite-4.2-8b,dev,582,912890_0001193125-11-030842_dex99d5.htm,13925,2637
ibm-granite/granite-4.2-8b,dev,586,917639_0000912057-01-537118_a2062042zex-99_d7.htm,21537,4068
ibm-granite/granite-4.2-8b,dev,590,1289434_0001047469-10-008010_a2200117zex-99_d3.htm,23756,4550
ibm-granite/granite-4.2-8b,dev,595,1334303_0001193125-10-204560_dex99e5.htm,22852,4370
ibm-granite/granite-4.2-8b,dev,598,1366649_0001193125-14-380778_d808213dex99d2.htm,12488,2296
ibm-granite/granite-4.2-8b,dev,605,1392091_0000950123-11-021325_c13551exv99w7.htm,12346,2569
ibm-granite/granite-4.2-8b,dev,610,1452751_0001193125-17-086167_d334994dex99e3.htm,18040,3346
ibm-granite/granite-4.2-8b,test,1, 064-19 Non Disclosure Agreement 2019.pdf,16632,3131
ibm-granite/granite-4.2-8b,test,2,01_Bosch-Automotive-Service-Solutions-Mutual-Non-Disclosure-Agreement-7-12-17.pdf,15297,2975
ibm-granite/granite-4.2-8b,test,4,118.3-Non-disclosure-agreement.pdf,2405,515
ibm-granite/granite-4.2-8b,test,5,12032018_NDA_The%20Munt_EN.pdf,6887,1513
ibm-granite/granite-4.2-8b,test,6,130806ca141.pdf,8715,1679
ibm-granite/granite-4.2-8b,test,8,1588052992CCTV%20Non%20Disclosure%20Agreement.pdf,5751,1230
ibm-granite/granite-4.2-8b,test,11,18268-001%20Rev%20B%20Form%20Version%20in%20PDF.pdf,12207,2301
ibm-granite/granite-4.2-8b,test,18,41629_1.pdf,6225,1295
ibm-granite/granite-4.2-8b,test,21,5-NSK-Confidentiality-Agreement-for-Suppliers.pdf,12238,2526
ibm-granite/granite-4.2-8b,test,22,54c808c1b20e4490b1300ad2ce3b9649.pdf,7808,1571
ibm-granite/granite-4.2-8b,test,23,59b1148ff6952b0001bdbedc_20170907_non%20disclosure%20agreement_expert.pdf,15198,3233
ibm-granite/granite-4.2-8b,test,24,5bfbcabf0627e70bdcfc5b32_nda-ready4s.pdf,9814,2151
ibm-granite/granite-4.2-8b,test,25,ADVANIDE-NON-DISCLOSURE-AGREEMENT.pdf,6182,1281
ibm-granite/granite-4.2-8b,test,26,AGProjects-NDA.pdf,8418,1695
ibm-granite/granite-4.2-8b,test,30,AfriGIS_Client-NDA_Template_2019.pdf,24090,4786
ibm-granite/granite-4.2-8b,test,31,Agency-Lending-Disclosure_A-Z-Guide_Appendix_Sample-Confidentiality-Agreements.pdf,5757,1078
ibm-granite/granite-4.2-8b,test,36,Aspiegel_NDA_template.pdf,12909,2524
ibm-granite/granite-4.2-8b,test,38,Attachment B - Intent to Propose and Non-Disclosure Agreement.pdf,17211,3311
ibm-granite/granite-4.2-8b,test,40,Attachment%20J.2%20-%20Non-Disclosure%20Agreement%20-Technology%20Services.pdf,2892,545
ibm-granite/granite-4.2-8b,test,41,Attachment-I-Non-DisclosureAgreementContractor.pdf,10543,2022
ibm-granite/granite-4.2-8b,test,42,BCG-Mutual-NDA.pdf,8625,1733
ibm-granite/granite-4.2-8b,test,43,BO115-07-non-disclosure-agreement.pdf,9564,1947
ibm-granite/granite-4.2-8b,test,46,BT_NDA.pdf,10548,2038
ibm-granite/granite-4.2-8b,test,47,BaconNon-Disclosure.pdf,4116,845
ibm-granite/granite-4.2-8b,test,48,Basic-Non-Disclosure-Agreement.pdf,5292,976
ibm-granite/granite-4.2-8b,test,49,Bio-FIP-EOI-NDA.pdf,14712,2947
ibm-granite/granite-4.2-8b,test,50,Business-Sale-Non-Disclosure-Agreement.pdf,4944,995
ibm-granite/granite-4.2-8b,test,51,CA-Nov14-Doc.5.14%20-%20Template%20Confidentiality%20Agreement.pdf,6016,1169
ibm-granite/granite-4.2-8b,test,52,CBP%20Non-Disclosure%20Form_October2018.pdf,12918,2588
ibm-granite/granite-4.2-8b,test,53,CCS-Salt-Cavern-RfP-NDA.pdf,14759,2962
ibm-granite/granite-4.2-8b,test,55,amc-general-mutual-non-disclosure-agreement-en-gb.pdf,10403,1949
ibm-granite/granite-4.2-8b,test,57,annex-iii---nda-agreement..pdf,4008,814
ibm-granite/granite-4.2-8b,test,58,appendix-g-nda-form.pdf,41779,7983
ibm-granite/granite-4.2-8b,test,59,buyer_profile.pdf,9345,2080
ibm-granite/granite-4.2-8b,test,60,casino-nondisclosure-agmt.pdf,5179,973
ibm-granite/granite-4.2-8b,test,62,ceii-and-nda.pdf,16684,3104
ibm-granite/granite-4.2-8b,test,65,CON-NDA-PTL-01-2012-v1%20Non-Disclosure%20Agreement%20and%20Checklist.pdf,13725,2728
ibm-granite/granite-4.2-8b,test,66,Clause-de-non-divulgation.pdf,7370,1511
ibm-granite/granite-4.2-8b,test,67,ConfidNonDisclosureAgree.pdf,6425,1261
ibm-granite/granite-4.2-8b,test,68,Confidentiality%20Agreement.pdf,25167,4799
ibm-granite/granite-4.2-8b,test,74,Confidentiality-and-Nondisclosure-Agreement-Template.pdf,6966,1309
ibm-granite/granite-4.2-8b,test,76,ConfidentialityAgreement.pdf,8351,1646
ibm-granite/granite-4.2-8b,test,77,Confidentiality_Agreement_1.pdf,3244,641
ibm-granite/granite-4.2-8b,test,78,Confidentiality_Non-Disclosure_Agreement.pdf,11066,2034
ibm-granite/granite-4.2-8b,test,80,Confidentiality_and_Non-Disclosure_Agreement_Rev_10-20-16.pdf,9689,1848
ibm-granite/granite-4.2-8b,test,83,confidentiality-agreement.pdf,6686,1233
ibm-granite/granite-4.2-8b,test,84,confidentiality_agreement.pdf,5939,1159
ibm-granite/granite-4.2-8b,test,85,confidentialityandnondisclosureagreement.pdf,3510,745
ibm-granite/granite-4.2-8b,test,90,Data_Use_and_Non_Disclosure_Data_Disclosed_to_MDCH_Trauma_Registry_Final_465518_7.pdf,4451,810
ibm-granite/granite-4.2-8b,test,97,dhs-nda.pdf,12918,2588
ibm-granite/granite-4.2-8b,test,99,eHandshake_Non_Disclosure_Agreement.pdf,6913,1347
ibm-granite/granite-4.2-8b,test,117,Generic-NDA-Pitch-Deck-Fire.pdf,5099,990
ibm-granite/granite-4.2-8b,test,127,ICTSC-NDA-General-MandA-signed.pdf,5578,1140
ibm-granite/granite-4.2-8b,test,129,"IMOA%20Molybdenum%20Consortium%20NDA%20Agreement%20amended%20Jan%2008,%20valid%20March%2009%20onwards.pdf",10089,2003
ibm-granite/granite-4.2-8b,test,138,LMS_Non_Disclosure_Agreement.pdf,6143,1202
ibm-granite/granite-4.2-8b,test,157,MUTUAL_NDA.pdf,5810,1096
ibm-granite/granite-4.2-8b,test,165,Mutual-Non-Disclosure-Agreement-Inventor-Product-Development-Experts-Inc..pdf,8752,1564
ibm-granite/granite-4.2-8b,test,181,mutual-non-disclosure-agreement.pdf,8248,1663
ibm-granite/granite-4.2-8b,test,190,nda_9.pdf,7685,1490
ibm-granite/granite-4.2-8b,test,212,NDA-Template-Media-News-Group-inc.pdf,10193,1949
ibm-granite/granite-4.2-8b,test,213,NDA-Urban_Wind_Turbines.pdf,8174,1756
ibm-granite/granite-4.2-8b,test,218,NDAMutualTemplateClientFill.pdf,9845,1834
ibm-granite/granite-4.2-8b,test,225,NDA_ResConnect.pdf,3456,666
ibm-granite/granite-4.2-8b,test,227,NDA_Street_Stream_Franchise.pdf,20823,4206
ibm-granite/granite-4.2-8b,test,228,NDA_V3.pdf,5947,1220
ibm-granite/granite-4.2-8b,test,289,Non-Disclosure-Agreement-NDA.pdf,4417,956
ibm-granite/granite-4.2-8b,test,293,Non-Disclosure-Secrecy-Agreement.pdf,1231,340
ibm-granite/granite-4.2-8b,test,296,Non-Disclosure-form_1.pdf,10027,1906
ibm-granite/granite-4.2-8b,test,301,NonDisclosureAgreementNDASAMITT20190002v2.pdf,4733,1049
ibm-granite/granite-4.2-8b,test,307,non-disclosure-agreement-en.pdf,9614,1923
ibm-granite/granite-4.2-8b,test,310,non-disclosure-agreement-template.pdf,4853,897
ibm-granite/granite-4.2-8b,test,321,Pitch-Deck-Fire-Workshop-NDA-2.2017.pdf,5740,1104
ibm-granite/granite-4.2-8b,test,336,SAMED%20confidentiality%20non%20disclosure%20and%20conflict%20of%20interest%20agreement%20for%20board%20and%20committee%20members%20ver%201.pdf,11535,2392
ibm-granite/granite-4.2-8b,test,354,Template-NDA-2-way-final-1.pdf,9357,1822
ibm-granite/granite-4.2-8b,test,357,UALR-Standard-Non-disclosure-AgreementTemplate.pdf,4957,914
ibm-granite/granite-4.2-8b,test,361,VELCO%20NDA%20rev0%20Dec%2014%202015.pdf,11657,2354
ibm-granite/granite-4.2-8b,test,387,65781_0000950123-00-009565_y41542ex99-d_3.txt,8580,1748
ibm-granite/granite-4.2-8b,test,389,71297_0000071297-97-000059_document_6.txt,3758,809
ibm-granite/granite-4.2-8b,test,392,768384_0000912057-00-018619_document_8.txt,8777,1664
ibm-granite/granite-4.2-8b,test,395,86115_0000930661-99-001321_document_3.txt,18371,3896
ibm-granite/granite-4.2-8b,test,400,96238_0000950116-97-001823_document_13.txt,13912,2699
ibm-granite/granite-4.2-8b,test,401,1002276_0001036050-99-002047_document_13.txt,9817,1905
ibm-granite/granite-4.2-8b,test,408,817516_0001014909-05-000102_exh99_4sept2005.txt,12478,2605
ibm-granite/granite-4.2-8b,test,412,880458_0001021408-01-510269_dex1087.txt,18295,3718
ibm-granite/granite-4.2-8b,test,413,883905_0001095811-01-000469_f68556ex99-d12.txt,6087,1185
ibm-granite/granite-4.2-8b,test,429,934545_0000891618-99-004640_document_2.txt,7971,1535
ibm-granite/granite-4.2-8b,test,432,1010471_0000950134-97-006281_document_5.txt,21514,4524
ibm-granite/granite-4.2-8b,test,433,1011671_0000936392-99-000246_document_46.txt,10104,1912
ibm-granite/granite-4.2-8b,test,444,1021086_0000950162-99-000581_document_3.txt,18416,3912
ibm-granite/granite-4.2-8b,test,446,1023734_0000912057-96-023266_document_16.txt,1606,316
ibm-granite/granite-4.2-8b,test,451,1042282_0000893220-02-000791_e61414toexv99wxdywx1y.txt,7718,1534
ibm-granite/granite-4.2-8b,test,452,1043003_0000950170-98-000097_document_12.txt,5240,921
ibm-granite/granite-4.2-8b,test,455,1050277_0001047469-99-000663_document_7.txt,2508,536
ibm-granite/granite-4.2-8b,test,465,1073090_0001356564-06-000012_sorell10ksbamend2x102.txt,14366,3043
ibm-granite/granite-4.2-8b,test,471,1084000_0001144204-06-046785_v056501_ex10-16.txt,7562,1509
ibm-granite/granite-4.2-8b,test,476,1095558_0000944209-00-000518_document_3.txt,10009,1873
ibm-granite/granite-4.2-8b,test,493,1120792_0001019687-05-002206_morgan_10qex5-2.txt,8193,1636
ibm-granite/granite-4.2-8b,test,496,1125892_0000950133-00-004441_w41075a1ex10-7.txt,12651,2501
ibm-granite/granite-4.2-8b,test,497,1138169_0001050234-02-000002_ex10h.txt,7483,1475
ibm-granite/granite-4.2-8b,test,498,1173495_0001047469-03-033872_a2118144zex-10_12.txt,10611,2077
ibm-granite/granite-4.2-8b,test,521,802724_0001193125-15-331613_d96542dex99d5.htm,40554,7938
ibm-granite/granite-4.2-8b,test,523,814457_0000950137-04-009790_c89545exv99wxdyx6y.htm,16383,3125
ibm-granite/granite-4.2-8b,test,526,850313_0000950149-07-000090_f28028toexv99wxdyx2y.htm,12265,2366
ibm-granite/granite-4.2-8b,test,537,912263_0001047469-12-006662_a2209873zex-99_d2.htm,23747,4708
ibm-granite/granite-4.2-8b,test,539,912263_0001193125-12-285724_d371520dex99e4.htm,23765,4707
ibm-granite/granite-4.2-8b,test,540,1001113_0000950134-07-005231_f27921orexv99wxdyx3y.htm,9227,1735
ibm-granite/granite-4.2-8b,test,542,1010552_0000912057-01-520246_a2051644zex-99_20.htm,18470,3521
ibm-granite/granite-4.2-8b,test,543,1011344_0001193125-08-097987_dex99d5.htm,7276,1422
ibm-granite/granite-4.2-8b,test,544,1012887_0001193125-07-165503_dex99d6.htm,11336,2187
ibm-granite/granite-4.2-8b,test,546,1020416_0001193125-16-701566_d250247dex99d2.htm,33478,6309
ibm-granite/granite-4.2-8b,test,549,1041550_0001193125-19-004977_d663808dex106.htm,29312,5647
ibm-granite/granite-4.2-8b,test,552,1049210_0001047469-13-009461_a2216846zex-99_d3.htm,15556,3094
ibm-granite/granite-4.2-8b,test,555,1062478_0001193125-14-442753_d838170dex3.htm,13399,2687
ibm-granite/granite-4.2-8b,test,558,1084817_0001193125-14-004957_d648340dex99e2.htm,9802,1861
ibm-granite/granite-4.2-8b,test,564,1096147_0001193125-08-206038_dex4.htm,19913,3754
ibm-granite/granite-4.2-8b,test,565,1109551_0000912057-02-024714_a2082535zex-99_d3.htm,20047,3810
ibm-granite/granite-4.2-8b,test,584,915191_0001047469-17-003155_a2231967zex-99_8.htm,16171,3149
ibm-granite/granite-4.2-8b,test,585,916457_0000916457-14-000028_exhibit104-confidentiality.htm,10211,1996
ibm-granite/granite-4.2-8b,test,591,1316898_0001047469-18-005618_a2236490zex-99_d2.htm,26190,4916
ibm-granite/granite-4.2-8b,test,596,1335239_0001019687-14-003760_epazz_ex1034.htm,13805,2993
ibm-granite/granite-4.2-8b,test,600,1367408_0001367408-06-000002_risb2ex106.htm,5048,1057
ibm-granite/granite-4.2-8b,test,606,1402305_0001193125-11-343865_d268167dex99d2.htm,23027,4322
ibm-granite/granite-4.2-8b,test,611,1457829_0000898822-13-000086_exhibit-ndaexecutionversion.htm,22377,4596
microsoft/phi-4,train,34,Annex E_Non-Disclosure and Confidentiality Agreement.pdf,8585,1713
microsoft/phi-4,train,86,CopAcc_NDA-and-ToP-Mentors_2.0_2017.pdf,14944,2561
microsoft/phi-4,train,87,Cyber Mutual Assistance NDA.pdf,14967,2645
microsoft/phi-4,train,88,DBT%20Mutual%20NDA.pdf,7503,1359
microsoft/phi-4,train,89,Data Use Agreement New York City.pdf,23380,4884
microsoft/phi-4,train,91,Dealer-Pay-NDA-4.pdf,14234,2641
microsoft/phi-4,train,92,Disclosure documents.pdf,10209,1975
microsoft/phi-4,train,93,DoiT-ICN-NonDisclosure-Agreement.pdf,3519,1285
microsoft/phi-4,train,94,EFCAConfidentialityAgreement.pdf,6384,1290
microsoft/phi-4,train,95,Eskom%20Template%20Confidentiality%20and%20Non-disclosure%20Agreement%20Rev%204%20Effective%20August%202017_11.pdf,19009,3755
microsoft/phi-4,train,96,contrato_ingles_corporativo_mal.pdf,8179,1590
microsoft/phi-4,train,98,document_viewer.pdf,10259,1906
microsoft/phi-4,train,100,epsteen_nda.pdf,6476,1169
microsoft/phi-4,train,101,EUNCL_NDA_2016.pdf,11233,2195
microsoft/phi-4,train,102,Evelozcity%20OESA%20NDA.pdf,7850,1461
microsoft/phi-4,train,103,Example-Mutual-Non-Disclosure-Agreement.pdf,3574,720
microsoft/phi-4,train,104,Example-One-Way-Non-Disclosure-Agreement.pdf,3713,749
microsoft/phi-4,train,105,ExcelerateStandardNDAFormat.pdf,10715,2074
microsoft/phi-4,train,106,FELLCNDAStandardAgreement-22015.pdf,10763,1987
microsoft/phi-4,train,108,FNHA-2019RFP-02-NDA-form.pdf,5217,930
microsoft/phi-4,train,109,FSMAApprovedConfidentiality-MutualDistributor-FSMA4002.pdf,12079,2252
microsoft/phi-4,train,110,Facility-Tour-Confidentiality-and-Non-Disclosure.pdf,2675,525
microsoft/phi-4,train,111,Florida-Non-Disclosure-Agreement-NDA-Template.pdf,5076,973
microsoft/phi-4,train,112,Focus-Group-APIC-Seattle-Confidentiality-Agreement-031115.pdf,2907,533
microsoft/phi-4,train,113,FormEConfidentialityandNon.pdf,10439,1959
microsoft/phi-4,train,114,GSAOP0309-Non-disclosure-agreement.pdf,15990,3325
microsoft/phi-4,train,115,GTC_CEII_Non_Disclosure_Agmt_05111_revised.pdf,13860,2687
microsoft/phi-4,train,116,Geheimhaltungsvereinbarung_Abschlussarbeiten_HFU_englisch.pdf,5254,982
microsoft/phi-4,train,118,GreenStorm%20NDCSC.pdf,10967,2037
microsoft/phi-4,train,119,Grindrod%20SA%20Confidentiality%20and%20Non-Disclosure%20Undertaking.pdf,5289,1078
microsoft/phi-4,train,120,HALO-NDA.pdf,4062,807
microsoft/phi-4,train,121,eulerhermes-nda.pdf,6110,1147
microsoft/phi-4,train,122,example-NDA-one-way-short-form-2012-1.pdf,3584,721
microsoft/phi-4,train,123,for-41-supplier-confidentiality-agreement-and-non-disclosure-agreement.pdf,1858,336
microsoft/phi-4,train,124,form_NondisclosureBlanket.pdf,4916,971
microsoft/phi-4,train,125,HNBA-2017-18-Confidentiality-Agreement.pdf,9781,1834
microsoft/phi-4,train,126,IBC-PMS-NDA-agreement.pdf,19717,3788
microsoft/phi-4,train,128,IGC-Non-Disclosure-Agreement-LSE-Sample.pdf,17105,3268
microsoft/phi-4,train,130,INFOMAGNET%20NDA.pdf,8285,1485
microsoft/phi-4,train,131,IPTK-CO-MutualNon-DisclosureAgreement.pdf,13539,2625
microsoft/phi-4,train,132,Inaturals_NDA.pdf,5205,923
microsoft/phi-4,train,133,JB-Machine-LLC-NDA-1.pdf,17266,3251
microsoft/phi-4,train,134,JBF_NDA_rev-2017033-1.pdf,10704,1901
microsoft/phi-4,train,135,JHUNDABilateral.pdf,5061,1049
microsoft/phi-4,train,136,Kenway-NDA-Form-Blank.pdf,19025,3651
microsoft/phi-4,train,137,Kerber_Non_Disclosure_Agreement.pdf,4850,886
microsoft/phi-4,train,139,LSP-data-protection-form.drc_.pdf,4895,894
microsoft/phi-4,train,141,Lead-NDA.pdf,3590,705
microsoft/phi-4,train,142,LiiON%20NDA%202-27-2015%20v1.0.pdf,12222,2406
microsoft/phi-4,train,143,MelbourneDatathon2017NDA.pdf,6122,1220
microsoft/phi-4,train,144,helpjuice_production%2Fuploads%2Fupload%2Fimage%2F2329%2Fdirect%2F1526996160411-FullStory+Mutual+Non-Disclosure+Agreement+2018.pdf,10152,1905
microsoft/phi-4,train,145,icc-court-non-disclosure-agreement-english.pdf,10577,1931
microsoft/phi-4,train,146,ingram-non-disclosure.pdf,4612,853
microsoft/phi-4,train,147,isca-nda.pdf,13012,2432
microsoft/phi-4,train,148,khronos-mutual-nda.pdf,7227,1368
microsoft/phi-4,train,149,lti-two-way-cda-template.pdf,8937,1735
microsoft/phi-4,train,150,mcgill_mitacs_terms-january2013.pdf,24294,4727
microsoft/phi-4,train,151,MNDA-V2-2-25-15.pdf,12540,2295
microsoft/phi-4,train,153,MR_NON-DISCLOSURE-AGREEMENT.pdf,8804,1682
microsoft/phi-4,train,154,MUTUAL-CONFIDENTIAL-NON-DISCLOSURE.pdf,8273,1647
microsoft/phi-4,train,155,MUTUAL-NDA-Form-2.pdf,7169,1316
microsoft/phi-4,train,156,MUTUAL-NON-CIRCUMVENT-and-NON-DISCLOSURE-20.pdf,10449,1898
microsoft/phi-4,train,158,Model%20NDA%20(recommended%20by%20SWA).pdf,11231,2127
microsoft/phi-4,train,159,Mutual%20NDA_Confidentiality.pdf,10645,1996
microsoft/phi-4,train,160,Mutual%20Non%20Disclosure%20Agreement_0.pdf,12037,2217
microsoft/phi-4,train,161,Mutual%20Non-Disclosure%20Agreement.pdf,14082,2709
microsoft/phi-4,train,162,Mutual%20confidentiality%20and%20NDA%20-%20Final%20(2)%20(6)%2003%20July%202015.pdf,40673,8095
microsoft/phi-4,train,163,Mutual+Confidentiality+Agreement_1.pdf,11356,2201
microsoft/phi-4,train,164,Mutual-Non-Disclosure-Agreement-EN.pdf,13724,2635
microsoft/phi-4,train,166,MutualNDA_The_Knights_of_Unity.pdf,12635,2306
microsoft/phi-4,train,167,MutualNDA_Website.pdf,4804,890
microsoft/phi-4,train,168,MutualNonDisclosureAgreement0104.pdf,5166,955
microsoft/phi-4,train,169,Mutual_Nondisclosure_Agreement.pdf,16694,3073
microsoft/phi-4,train,170,NCDG_Non-disclosure-agreement.pdf,13445,2562
microsoft/phi-4,train,171,NDA_-_GWI_-_Technohubs_version_V1.pdf,6373,1335
microsoft/phi-4,train,172,NDA_10.pdf,11268,2164
microsoft/phi-4,train,173,NDA_13.pdf,7483,1414
microsoft/phi-4,train,174,NDA_17.pdf,9263,1893
microsoft/phi-4,train,176,NDA_5.pdf,3564,621
microsoft/phi-4,train,177,NDA_6.pdf,6981,1322
microsoft/phi-4,train,178,NDA_7.pdf,4398,843
microsoft/phi-4,train,179,mnda-1110.pdf,8705,1615
microsoft/phi-4,train,180,modelnondisclosureagreement1.pdf,4344,874
microsoft/phi-4,train,182,mutual_non_disclosure_agreement-20171020.pdf,10464,1950
microsoft/phi-4,train,183,nda_1.pdf,9394,1712
microsoft/phi-4,train,184,nda_11.pdf,6444,1192
microsoft/phi-4,train,186,nda_16.pdf,7571,1453
microsoft/phi-4,train,187,nda_2.pdf,6691,1262
microsoft/phi-4,train,188,nda_3.pdf,6567,1321
microsoft/phi-4,train,189,nda_8.pdf,10828,2069
microsoft/phi-4,train,191,NDA%2009%20for%20website.pdf,8256,1550
microsoft/phi-4,train,192,NDA%20Form%20WEB_WITH%20Instructions%20%28RECIPROCAL%29%20%28v%202016-03-18_EN%29.pdf,12576,2494
microsoft/phi-4,train,193,NDA%20UDRC%203-way%20Final.pdf,10380,2022
microsoft/phi-4,train,194,NDA%20for%20Tender%20Ref%202201000050.pdf,11532,2194
microsoft/phi-4,train,195,NDA-2015-2.pdf,5953,1118
microsoft/phi-4,train,196,NDA-2016-DAB.pdf,11806,2242
microsoft/phi-4,train,197,NDA-Agreement-NPAF.pdf,15646,2845
microsoft/phi-4,train,198,NDA-Artop-Inno-2017.pdf,7291,1374
microsoft/phi-4,train,199,NDA-Broker-Seller-for-Company-6-19-17.pdf,10545,1955
microsoft/phi-4,train,200,NDA-CRG-ALL-2.pdf,6981,1281
microsoft/phi-4,train,201,NDA-Dollar-General-Portfolio.pdf,8366,1577
microsoft/phi-4,train,202,NDA-Fintricity-Blank.pdf,11721,2217
microsoft/phi-4,train,203,NDA-Instructions-Agreement-Attachment.pdf,20129,3949
microsoft/phi-4,train,204,NDA-M5-Systems.pdf,6366,1168
microsoft/phi-4,train,206,NDA-ONSemi_IndustryAnalystConf-2011.pdf,9361,1685
microsoft/phi-4,train,207,NDA-Prasad.pdf,6006,1124
microsoft/phi-4,train,208,NDA-ROI-Corporation.pdf,4810,865
microsoft/phi-4,train,209,NDA-STP-Performance-Coating-revC.pdf,11180,2143
microsoft/phi-4,train,210,NDA-Seeed.pdf,10933,2052
microsoft/phi-4,train,211,NDA-SqillerBetaTesters.pdf,7929,1628
microsoft/phi-4,train,214,NDA-editable.pdf,3822,765
microsoft/phi-4,train,215,NDA-for-Gar-Kenyon-Suppliers.pdf,5221,988
microsoft/phi-4,train,216,NDA-standard.pdf,9254,1711
microsoft/phi-4,train,217,NDA.pdf,4560,878
microsoft/phi-4,train,219,NDATC.pdf,6148,1111
microsoft/phi-4,train,220,NDATyre%20Plant.pdf,12802,2586
microsoft/phi-4,train,221,NDA_118.pdf,10750,2063
microsoft/phi-4,train,222,NDA_22.pdf,12472,2608
microsoft/phi-4,train,223,NDA_English.pdf,10280,1981
microsoft/phi-4,train,224,NDA_Mutual_template2_5_2019.pdf,11883,2162
microsoft/phi-4,train,226,NDA_Sample.pdf,4520,799
microsoft/phi-4,train,229,NDA_VPI.pdf,3908,780
microsoft/phi-4,train,230,NDA_and_assgmnt_of_ipMar2011.pdf,9552,1916
microsoft/phi-4,train,231,NDA_eng.pdf,9707,1999
microsoft/phi-4,train,232,NDA_for_Raffles_Translation_Website.pdf,9768,1879
microsoft/phi-4,train,233,NDA_template.pdf,6217,1153
microsoft/phi-4,train,234,NDCA.pdf,3616,667
microsoft/phi-4,train,235,NDD.pdf,4051,756
microsoft/phi-4,train,236,nda-employee-template.pdf,11481,2071
microsoft/phi-4,train,237,nda-format-approved-by-legal-section.pdf,10462,1997
microsoft/phi-4,train,238,nda2.pdf,7601,1408
microsoft/phi-4,train,239,nda_19.pdf,2041,374
microsoft/phi-4,train,240,nda_form_motorola.pdf,2712,925
microsoft/phi-4,train,241,nda_gtl_inria.pdf,4558,980
microsoft/phi-4,train,242,nda_pine__en.pdf,8548,1723
microsoft/phi-4,train,243,nda_template_final.pdf,14078,2595
microsoft/phi-4,train,244,NEW_moi_ndform.pdf,7380,1379
microsoft/phi-4,train,245,NMLS%20Accessibility%20NDA.pdf,14938,2651
microsoft/phi-4,train,246,NON-DISCLOSURE-AGREEMENT_13.pdf,3676,782
microsoft/phi-4,train,247,NON-Disclosure_Agreement_2.pdf,14958,2918
microsoft/phi-4,train,248,NON_DISCLOSURE_AGREEMENT_5.pdf,7261,1363
microsoft/phi-4,train,249,New_York_City_Bar_Association_Model_Form_of_Non-Disclosure_Agreement_2015.pdf,33405,6433
microsoft/phi-4,train,250,Non Disclosure Agreement - CP Specific NDA (CreativeNDA-CPS121.1014).pdf,19254,3682
microsoft/phi-4,train,251,Non-Discl_Reciprocal_2.pdf,6302,1102
microsoft/phi-4,train,252,Non-Disclosure-Agreement-1.pdf,3127,611
microsoft/phi-4,train,253,Non-Disclosure-Agreement-9-1-2018.pdf,6654,1376
microsoft/phi-4,train,254,Non-Disclosure-Agreement_10.pdf,6622,1211
microsoft/phi-4,train,255,Non-Disclosure-Agreement_11.pdf,11831,2171
microsoft/phi-4,train,256,Non-Disclosure-Agreement_12.pdf,8741,1525
microsoft/phi-4,train,257,Non-Disclosure-Agreement_3.pdf,9071,1702
microsoft/phi-4,train,258,Non-Disclosure-Agreement_4.pdf,21912,4050
microsoft/phi-4,train,259,Non-Disclosure-Agreement_6.pdf,2697,449
microsoft/phi-4,train,260,Non-Disclosure-Agreement_ALL_englisch.pdf,6009,1234
microsoft/phi-4,train,261,Non-Disclosure-Agreement_PreviewOnly.pdf,11921,2309
microsoft/phi-4,train,262,Non-Disclosure_Agreement_oct2009.pdf,3532,571
microsoft/phi-4,train,263,Non-Disclosure_Agreement_one_way_2014.pdf,9251,1744
microsoft/phi-4,train,264,Non-disclosure-Agreement_7.pdf,5084,962
microsoft/phi-4,train,265,Non-disclosure-Agreement_9.pdf,6876,1259
microsoft/phi-4,train,267,Non_Disclosure_Agreement_1.pdf,9241,1694
microsoft/phi-4,train,268,Non_Disclosure_Agreement_2.pdf,9906,1886
microsoft/phi-4,train,269,Non_Disclosure_Agreement_3.pdf,6108,1196
microsoft/phi-4,train,270,Non_Disclosure_Canada_BC.pdf,6583,1146
microsoft/phi-4,train,271,Non_disclodure_contract.pdf,6016,1222
microsoft/phi-4,train,272,nistmodelndareceiptofproprietaryinformationv20162fillableforwebsitedoc003pdf.pdf,5941,1183
microsoft/phi-4,train,273,non-disclosure-agreement_1.pdf,27460,5554
microsoft/phi-4,train,274,non-disclosure-agreement_2.pdf,7913,1427
microsoft/phi-4,train,275,non-disclosure-agreement_5.pdf,10646,2029
microsoft/phi-4,train,276,non-disclosure-agreement_8.pdf,6981,1208
microsoft/phi-4,train,277,non-disclosure_201302814_english_.pdf,7095,1406
microsoft/phi-4,train,278,non-disclosure_agreement.pdf,1863,329
microsoft/phi-4,train,279,non-disclosure_agreement_1.pdf,5887,1163
microsoft/phi-4,train,280,non-disclosure_confidentiality_agreement.pdf,8431,1707
microsoft/phi-4,train,281,NRSC_2015_NDAForm.pdf,18054,3545
microsoft/phi-4,train,282,NU%20Confidentiality%20Non-Disclosure%20%20Information%20Security%20Agreement%20Final%20....pdf,6146,1098
microsoft/phi-4,train,283,NUSD-Non-Disclosure-Agreement.pdf,11523,2110
microsoft/phi-4,train,284,Non%20Disclosure%20Agreement_1.pdf,3502,628
microsoft/phi-4,train,285,Non-Disclosure%20Agreement%202015.pdf,5588,1000
microsoft/phi-4,train,286,Non-Disclosure%20Agreement_3.pdf,10923,2070
microsoft/phi-4,train,287,Non-Disclosure%20Agreement_5.pdf,13665,2535
microsoft/phi-4,train,288,Non-Disclosure-Agreement-FORS-Cert-Body.pdf,6519,1303
microsoft/phi-4,train,290,Non-Disclosure-Agreement-v1.pdf,3453,619
microsoft/phi-4,train,291,Non-Disclosure-Agreement.pdf,6547,1202
microsoft/phi-4,train,292,Non-Disclosure-NDA-UW-Oshkosh_FINALV2.pdf,8041,1520
microsoft/phi-4,train,294,Non-Disclosure-SmartCMS.pdf,24758,5020
microsoft/phi-4,train,295,Non-Disclosure-form.pdf,1481,272
microsoft/phi-4,train,297,Non-disclosure%20Agreement_1.pdf,25342,4930
microsoft/phi-4,train,298,Non-disclosure%20agreement_2.pdf,10040,1899
microsoft/phi-4,train,299,Non-disclosure.pdf,3978,732
microsoft/phi-4,train,300,NonDisEC12212010.pdf,9566,1763
microsoft/phi-4,train,302,NonDisclosureAgreement_1.pdf,5254,1069
microsoft/phi-4,train,303,NondisclosureAgreement_2.pdf,14776,2891
microsoft/phi-4,train,304,O00216-000899A.pdf,12433,2322
microsoft/phi-4,train,305,OMA-TestFest-NDA-2017.pdf,16688,3098
microsoft/phi-4,train,306,One_way_NDA_EIPRHD_pdf_v1_11.03.2013.pdf,12465,2384
microsoft/phi-4,train,308,non-disclosure-agreement-mutual-generic-blank.pdf,5466,946
microsoft/phi-4,train,309,non-disclosure-agreement-template-netherlands-may-2012.pdf,12338,2396
microsoft/phi-4,train,311,non-disclosure-agreement-to-public-tender-for-fleet-and-bus-services-f-2854607.pdf,13104,2400
microsoft/phi-4,train,312,nondisclosure-Engl.pdf,10678,2113
microsoft/phi-4,train,313,nondisclosure.pdf,6052,1111
microsoft/phi-4,train,314,nondisclosureagreement.pdf,11466,2155
microsoft/phi-4,train,315,oceaneering-non-disclosure-agreement.pdf,5707,1124
microsoft/phi-4,train,316,one-way_nda_ji_form.pdf,9598,1726
microsoft/phi-4,train,317,OOR104E_Non-Disclosure_Agreement-Company.pdf,19954,3868
microsoft/phi-4,train,318,One-Way-Non-Disclosure-Agreement-EN.pdf,12766,2525
microsoft/phi-4,train,319,P27CB13028.pdf,9763,1925
microsoft/phi-4,train,320,Petrolube_NDA.pdf,10698,2233
microsoft/phi-4,train,322,Proctor_Agreement.pdf,3634,678
microsoft/phi-4,train,323,Project%20LAS%20RFI%20Non-Disclosure%20Agreement.pdf,11072,2095
microsoft/phi-4,train,324,ProtectedData-MMD-NonDisclosureAgreementSubmissionInstructions.pdf,8707,1712
microsoft/phi-4,train,325,partner_nda_en.pdf,11958,2228
microsoft/phi-4,train,326,pp%2011%20-%20non-disclosure%20agreement%20mutual.pdf,14725,2947
microsoft/phi-4,train,327,PS20131165-Non-DisclosureAgreement.pdf,10075,1959
microsoft/phi-4,train,328,PSGT Agreement NDA New Supplier Non Disclosure Template DC.pdf,14774,2836
microsoft/phi-4,train,329,QEP-Williston-Form-of-Confidentiality-Agreement-BMO.pdf,22117,4130
microsoft/phi-4,train,330,QSA_NDA.pdf,3341,609
microsoft/phi-4,train,331,QuickBooks-NDA-template.pdf,8105,1356
microsoft/phi-4,train,332,RFP20171008-RFPPublishingNotice.pdf,13942,2730
microsoft/phi-4,train,333,RFP_Telephony-NDA_Attachment-F.pdf,4525,845
microsoft/phi-4,train,334,RROI_Confidentiality_Agreement_Final.pdf,23617,4467
microsoft/phi-4,train,335,Roundhouse-Creative-Mutual-NDA.pdf,6615,1200
microsoft/phi-4,train,337,SE_NDCA_and_PRE-QUAL_PACKAGE_March-2016.pdf,14026,2521
microsoft/phi-4,train,338,SINTEC-UK-LTD-Non-disclosure-agreement-2017.pdf,7930,1542
microsoft/phi-4,train,339,SMT-R-100-01-NON-DISCLOSURE-AGREEMENT.pdf,2248,436
microsoft/phi-4,train,340,SONGS%20RFP%20Confidentiality%20Agreement_201705051754392249.pdf,10670,2041
microsoft/phi-4,train,341,Sample NonDisclosure Agreement.pdf,11668,2227
microsoft/phi-4,train,342,Sample%20NDA%202018.pdf,9622,1756
microsoft/phi-4,train,343,Section%2013%20Non-Disclosure%20Agreement.pdf,12329,2311
microsoft/phi-4,train,344,Sony%20Pictures%20Television%20NDA%20(Executed).pdf,28304,5220
microsoft/phi-4,train,345,Standard%20NDA%20by%20Axial.pdf,11387,2162
microsoft/phi-4,train,346,Startup_Pack_nondisclosure_agreement.pdf,13207,2634
microsoft/phi-4,train,347,SupplementOne-NDA.pdf,8959,1751
microsoft/phi-4,train,348,Supplier_Non-Disclosure_Agreement.pdf,10959,1973
microsoft/phi-4,train,349,Supplier_Non_Disclosure.pdf,14075,2621
microsoft/phi-4,train,350,T:\proc_notices\notices_020_k\notice_doc_18628_158011843.pdf,9751,1757
microsoft/phi-4,train,351,TSE-TSE-OK-WHK-Mutual-NDA-Fill-in-Blanks-4-29-2019.pdf,11634,2187
microsoft/phi-4,train,352,TabunKitchenInvestments-NDA.pdf,9888,1895
microsoft/phi-4,train,353,Tazza-CAFFE-Confidentiality-Agreement.pdf,8468,1705
microsoft/phi-4,train,355,Template-NDA.pdf,20439,3793
microsoft/phi-4,train,356,Third-Party Non-Disclosure Agreement.pdf,8799,1588
microsoft/phi-4,train,358,US-Non-Disclosure-Agreement.pdf,6690,1253
microsoft/phi-4,train,359,US_Non-Disclosure_Agreement_v2_2015.pdf,8333,1537
microsoft/phi-4,train,360,UT_Universal_NDA_2014_OIE.pdf,11009,2067
microsoft/phi-4,train,362,WEB-NDA-Mutual-Customer-and-Allazo-Electronics-v2.pdf,11977,2224
microsoft/phi-4,train,363,WEBSITE%20MNDA.pdf,12166,2300
microsoft/phi-4,train,364,WECC_Confidentiality_Agreement.pdf,8645,1700
microsoft/phi-4,train,365,resolution-2012-03-014r.pdf,10847,2067
microsoft/phi-4,train,366,resources-non-disclosure-agreement.pdf,6641,1189
microsoft/phi-4,train,367,rqnda.pdf,9144,1729
microsoft/phi-4,train,368,sample-nrel-bilateral-nda-template.pdf,9269,1856
microsoft/phi-4,train,369,sample_nda.pdf,16241,2944
microsoft/phi-4,train,370,simply-fashion---standard-nda.pdf,12605,2275
microsoft/phi-4,train,371,sm-fm-14-01-rev-1-reciprocal-non-disclosure-agreement.pdf,10074,2007
microsoft/phi-4,train,372,standard_clinical_trial_nda2.pdf,6035,1163
microsoft/phi-4,train,373,standard_nda.pdf,10785,2025
microsoft/phi-4,train,374,stony_hill_buyer_nda.pdf,9255,1694
microsoft/phi-4,train,375,thoughtbot-mutual-nda.pdf,6112,1147
microsoft/phi-4,train,376,tpi-non-disclosure-agreement_1.pdf,11012,2134
microsoft/phi-4,train,377,ttp-nda.pdf,6738,1263
microsoft/phi-4,train,378,vmw-certification-conduct-policy.pdf,3428,654
microsoft/phi-4,train,379,wayne-fueling-systems-mutual-non-disclosure-agreement-final.pdf,12887,2435
microsoft/phi-4,train,380,ws-confidentiality-and-non-disclosure-agreement.pdf,11650,2411
microsoft/phi-4,train,382,24104_0000024104-96-000010_document_3.txt,9169,1955
microsoft/phi-4,train,383,26820_0000936392-03-001111_a92217exv10w5.txt,15342,3098
microsoft/phi-4,train,384,32251_0000950133-99-003991_document_17.txt,10271,1919
microsoft/phi-4,train,385,354452_0000950123-99-011178_document_13.txt,10794,2094
microsoft/phi-4,train,386,356841_0000950109-98-003750_document_2.txt,4988,997
microsoft/phi-4,train,388,69067_0000927016-00-002123_0010.txt,8891,1679
microsoft/phi-4,train,390,731947_0000950123-02-007159_y62132e3exv99wdw21.txt,5629,1090
microsoft/phi-4,train,391,736291_0000930661-99-001320_document_3.txt,18349,3790
microsoft/phi-4,train,393,769592_0000950133-02-003341_w64132exv10w4.txt,6780,1330
microsoft/phi-4,train,394,770461_0001144204-05-023830_v022988_ex10-6.txt,13454,2744
microsoft/phi-4,train,396,87814_0000930661-96-001456_document_4.txt,5438,1044
microsoft/phi-4,train,397,87888_0000912057-97-029111_document_6.txt,14841,3125
microsoft/phi-4,train,399,96238_0000950103-97-000583_document_4.txt,13914,2678
microsoft/phi-4,train,402,1006459_0000912057-97-027623_document_19.txt,3290,659
microsoft/phi-4,train,403,770461_0001144204-06-041516_v054278_ex10-7.txt,14783,3021
microsoft/phi-4,train,404,799485_0000950136-00-001643_0013.txt,15735,3050
microsoft/phi-4,train,407,816955_0000899243-97-001962_document_4.txt,15632,3056
microsoft/phi-4,train,409,828957_0000950109-98-001266_document_19.txt,12223,2273
microsoft/phi-4,train,410,859119_0000950123-98-001418_document_15.txt,16129,3040
microsoft/phi-4,train,414,897730_0000950136-98-001457_document_7.txt,7436,1429
microsoft/phi-4,train,415,899240_0000912057-01-007226_a2040095zex-99_9d1.txt,10998,2113
microsoft/phi-4,train,416,900091_0001047469-97-003029_document_4.txt,8423,1608
microsoft/phi-4,train,417,912592_0000929624-98-000842_document_20.txt,12048,2559
microsoft/phi-4,train,418,912643_0001045969-00-000244_document_3.txt,6785,1181
microsoft/phi-4,train,419,913949_0000950149-96-000782_document_6.txt,3650,715
microsoft/phi-4,train,420,916529_0000927016-97-001071_document_2.txt,4623,989
microsoft/phi-4,train,421,917253_0000917253-00-000008_document_8.txt,21849,4180
microsoft/phi-4,train,422,920729_0000891618-96-000819_document_6.txt,11134,2082
microsoft/phi-4,train,423,922237_0000950005-02-000645_p15515_ex10-19.txt,7720,1416
microsoft/phi-4,train,424,922913_0000943440-00-000122_document_2.txt,3815,786
microsoft/phi-4,train,425,922913_0000943440-00-000294_0004.txt,4194,850
microsoft/phi-4,train,426,925544_0000950144-00-010739_ex99-d4.txt,7635,1472
microsoft/phi-4,train,427,925942_0001047469-98-029396_document_13.txt,13416,2551
microsoft/phi-4,train,428,930796_0000950123-05-001407_y05539exv99w5.txt,12110,2207
microsoft/phi-4,train,430,935703_0001047469-98-030238_document_4.txt,21400,4398
microsoft/phi-4,train,431,938733_0000912057-99-002412_document_3.txt,15090,2977
microsoft/phi-4,train,434,1012459_0000912057-97-027209_document_4.txt,8748,1658
microsoft/phi-4,train,436,1013687_0000950144-96-001973_document_37.txt,4192,748
microsoft/phi-4,train,437,1013687_0000950144-96-001973_document_38.txt,7449,1232
microsoft/phi-4,train,438,1014552_0000950148-01-500497_v71961toex99-d3.txt,19793,3739
microsoft/phi-4,train,439,1014959_0000950116-96-000618_document_7.txt,10833,2186
microsoft/phi-4,train,441,1017358_0001017358-97-000002_document_4.txt,8889,1739
microsoft/phi-4,train,442,1017545_0001012870-97-001500_document_2.txt,4181,784
microsoft/phi-4,train,443,1018761_0000950130-96-004285_document_6.txt,2416,478
microsoft/phi-4,train,445,1021096_0000914317-03-001205_ex2-2.txt,6585,1318
microsoft/phi-4,train,447,1029445_0000940180-97-000212_document_12.txt,9936,2165
microsoft/phi-4,train,448,1030471_0001012870-01-501268_dex1065.txt,5842,1065
microsoft/phi-4,train,449,1031896_0000950147-01-501725_ex10-8.txt,2123,435
microsoft/phi-4,train,450,1039399_0000891618-02-001883_f80848orex10-19.txt,11160,2081
microsoft/phi-4,train,453,1043431_0000950133-00-000090_document_15.txt,6366,1247
microsoft/phi-4,train,454,1044777_0000950124-98-000388_document_7.txt,1927,419
microsoft/phi-4,train,457,1052946_0000950134-98-001627_document_4.txt,2498,549
microsoft/phi-4,train,458,1053949_0001005150-98-000126_document_8.txt,4140,777
microsoft/phi-4,train,459,1061148_0001047469-98-018914_document_17.txt,12600,2482
microsoft/phi-4,train,460,1062579_0000950123-99-005018_document_3.txt,8264,1669
microsoft/phi-4,train,461,1062760_0001015402-05-001930_doc17.txt,5616,1104
microsoft/phi-4,train,462,1065748_0000950131-00-004465_0016.txt,6094,1201
microsoft/phi-4,train,463,1067797_0001032210-99-000668_document_8.txt,11027,2043
microsoft/phi-4,train,464,1070052_0000950130-01-501801_dex99d2.txt,13038,2448
microsoft/phi-4,train,466,1074663_0001090002-01-500104_ex102.txt,5452,1239
microsoft/phi-4,train,467,1077050_0000950147-99-000049_document_10.txt,10470,2026
microsoft/phi-4,train,468,1077150_0001077048-99-000003_document_23.txt,3642,736
microsoft/phi-4,train,469,1077150_0001077048-99-000003_document_25.txt,9750,1829
microsoft/phi-4,train,470,1082797_0000950131-01-501837_dex99d2.txt,7500,1475
microsoft/phi-4,train,472,1085220_0001014909-04-000090_exh6_3.txt,6957,1311
microsoft/phi-4,train,473,1089717_0000898430-99-004004_document_2.txt,7566,1358
microsoft/phi-4,train,474,1089786_0000912057-00-052660_a2032473zex-99_e2.txt,14200,2687
microsoft/phi-4,train,475,1094017_0000921895-00-000237_document_5.txt,7441,1430
microsoft/phi-4,train,477,1095563_0000950168-99-002585_document_2.txt,10852,2058
microsoft/phi-4,train,481,1100182_0001107049-00-000014_document_23.txt,7371,1448
microsoft/phi-4,train,483,1101204_0001085037-00-000208_0015.txt,7033,1410
microsoft/phi-4,train,484,1102301_0001094328-04-000141_freesarex23052004.txt,9047,1833
microsoft/phi-4,train,485,1103062_0001017951-00-000016_document_13.txt,10282,1896
microsoft/phi-4,train,487,1105503_0000950123-00-006736_ex10-14.txt,8095,1568
microsoft/phi-4,train,489,1108906_0000889812-00-001212_document_45.txt,5198,998
microsoft/phi-4,train,490,1111682_0000950123-00-003802_document_15.txt,4219,874
microsoft/phi-4,train,492,1120792_0001019687-05-001599_morgan_sb2a1-ex1408.txt,8516,1647
microsoft/phi-4,train,494,1123713_0001021408-00-003137_0016.txt,9916,1882
microsoft/phi-4,train,495,1125576_0000928385-02-000738_dex991d2.txt,4427,913
microsoft/phi-4,train,499,1178133_0000950131-03-000129_dex1013.txt,9711,1869
microsoft/phi-4,train,500,1240722_0001161697-03-000454_exhibit_10-12.txt,10955,2316
microsoft/phi-4,train,501,1285543_0001013762-05-000550_may52005sb2ex1019.txt,4708,930
microsoft/phi-4,train,502,1420529_0001145549-08-000077_h00839a1exv10w4.txt,12711,2405
microsoft/phi-4,train,503,103884_0001193125-12-338104_d390544dex99d3.htm,14644,2797
microsoft/phi-4,train,504,14803_0001047469-04-012846_a2134202zex-99_e3.htm,17572,3465
microsoft/phi-4,train,505,25895_0000950134-07-023464_d51356exv10w1.htm,15460,3120
microsoft/phi-4,train,509,55805_0001145443-10-001028_d26631_ex99-d3.htm,14356,2721
microsoft/phi-4,train,512,703339_0001387308-13-000090_ex101.htm,16947,3259
microsoft/phi-4,train,513,703361_0001193125-12-242586_d356019dex9910.htm,14244,2583
microsoft/phi-4,train,515,714562_0001104659-19-001345_a18-42231_6ex10d8.htm,29627,5581
microsoft/phi-4,train,516,741696_0001193125-10-290887_dex99d9.htm,16948,3250
microsoft/phi-4,train,517,75448_0001193125-05-158309_dex99d4.htm,10147,1910
microsoft/phi-4,train,518,768262_0001193125-10-128597_dex99d2.htm,21972,4116
microsoft/phi-4,train,519,792130_0001193125-18-326077_d601641dex99d3.htm,24194,4621
microsoft/phi-4,train,520,801338_0000950134-07-015617_c16542toexv99wxdyx5y.htm,4679,905
microsoft/phi-4,train,522,803647_0001047469-17-006266_a2233487zex-99_d2.htm,10964,2022
microsoft/phi-4,train,524,832995_0000912057-00-054331_a2033550zex-99_d13.htm,20210,3857
microsoft/phi-4,train,525,845818_0001193125-11-195725_dex99d8.htm,18357,3462
microsoft/phi-4,train,527,858452_0001193125-12-123549_d317599dex99d3.htm,12933,2384
microsoft/phi-4,train,529,863895_0001144204-05-038795_v030731_ex10-2.htm,5430,1029
microsoft/phi-4,train,530,865415_0001047469-15-007494_a2226057zex-99_d4.htm,11825,2236
microsoft/phi-4,train,531,874265_0001193125-05-138436_dex99d1.htm,23979,4420
microsoft/phi-4,train,534,880562_0001193125-15-346821_d93800dex3.htm,19281,3633
microsoft/phi-4,train,535,881790_0001104659-12-052730_a12-17284_1ex99d1.htm,15724,3029
microsoft/phi-4,train,536,888953_0001193125-13-044630_d480503dex99e6.htm,20887,4009
microsoft/phi-4,train,538,912263_0001104659-12-004811_a12-3671_1ex2.htm,23747,4636
microsoft/phi-4,train,541,1001917_0000950123-08-007542_y61533exv99wdw3.htm,10240,1948
microsoft/phi-4,train,545,1013240_0001047469-04-010350_a2132633zex-10_22.htm,13795,2851
microsoft/phi-4,train,548,1041550_0001104659-19-001346_a18-42231_6ex10d8.htm,29627,5582
microsoft/phi-4,train,550,1045080_0001047469-02-004620_a2094681zex-99_d5.htm,10766,2067
microsoft/phi-4,train,551,1046880_0001193125-11-323050_d262064dex992.htm,16689,3122
microsoft/phi-4,train,553,1053352_0001104659-07-049383_a07-17151_1ex10d5.htm,22591,4457
microsoft/phi-4,train,554,1053374_0001144204-18-062970_tv508217_ex-d2.htm,11863,2212
microsoft/phi-4,train,556,1063085_0000950134-09-011390_f52580exv99wxeyx3y.htm,23184,4273
microsoft/phi-4,train,557,1068874_0001068874-07-000012_ex10_2.htm,14473,2991
microsoft/phi-4,train,559,1089029_0000950123-07-007908_y31303a1exv10w13.htm,3909,825
microsoft/phi-4,train,560,1094007_0001193125-10-258977_dex101.htm,6981,1324
microsoft/phi-4,train,561,1094038_0000950134-05-007541_d23996exv10w4.htm,8972,1822
microsoft/phi-4,train,562,1094348_0001144204-18-026846_tv493416_exd2.htm,22111,4023
microsoft/phi-4,train,566,1112422_0000950153-08-001257_p75864exv99wxeyx4y.htm,21679,4117
microsoft/phi-4,train,567,1112999_0001193125-08-214471_dex105.htm,11978,2371
microsoft/phi-4,train,568,1113303_0000892917-12-000026_stilffnw13d120112am2ex3.htm,6217,1272
microsoft/phi-4,train,569,1119985_0001047469-04-035924_a2147858zex-2_5.htm,15000,2865
microsoft/phi-4,train,570,1142512_0001193125-14-269726_d757168dex99e3.htm,12640,2369
microsoft/phi-4,train,571,1163932_0001193125-13-394191_d606730dex99d2.htm,23750,4440
microsoft/phi-4,train,572,1167294_0001193125-15-218134_d933068dex99d3.htm,32601,6052
microsoft/phi-4,train,573,1175638_0000912057-02-024619_a2082526zex-10_3.htm,5743,1233
microsoft/phi-4,train,574,1177845_0001193125-18-219243_d519554dex99d3.htm,26398,5063
microsoft/phi-4,train,576,1274644_0001193125-17-338759_d485523dex99d2.htm,9119,1808
microsoft/phi-4,train,577,1277090_0001104659-05-057084_a05-20673_1ex10.htm,11572,2186
microsoft/phi-4,train,578,1277141_0001193125-15-184193_d923647dex99d2.htm,24922,4688
microsoft/phi-4,train,579,1280058_0001193125-12-023311_d287213dex99d3.htm,21900,4107
microsoft/phi-4,train,580,1288379_0000950123-07-003101_y31044exv99wdw5.htm,16452,3276
microsoft/phi-4,train,581,1288379_0000950123-07-003101_y31044exv99wdw6.htm,18216,3558
microsoft/phi-4,train,583,913610_0001047469-03-027395_a2116567zex-99_e3.htm,19444,3670
microsoft/phi-4,train,587,918541_0001193125-14-328980_d785003dex105.htm,16499,3378
microsoft/phi-4,train,588,931784_0001104659-07-068716_a07-23871_1ex2.htm,20705,3900
microsoft/phi-4,train,589,948850_0000950123-10-020820_p17071exv99wew4.htm,14161,2693
microsoft/phi-4,train,592,1323115_0000950123-10-098499_c60911exv99wdw3.htm,10982,2057
microsoft/phi-4,train,593,1329919_0001193125-14-149149_d701401dex99d6.htm,29866,5557
microsoft/phi-4,train,594,1332602_0001193125-12-512465_d454990dex99d2.htm,22412,4209
microsoft/phi-4,train,597,1363033_0001144204-06-024852_v045245_ex10-8.htm,6051,1307
microsoft/phi-4,train,599,1367408_0001367408-06-000002_risb2ex105.htm,2169,457
microsoft/phi-4,train,602,1372664_0001193125-12-159071_d333885dex99d9.htm,19715,3840
microsoft/phi-4,train,603,1373467_0001096350-07-000140_ex99threea.htm,8881,1790
microsoft/phi-4,train,604,1373671_0001193125-10-265249_dex99d3.htm,21969,4113
microsoft/phi-4,train,607,1413447_0001193125-16-771498_d295023dex99d5.htm,28008,5230
microsoft/phi-4,train,608,1424657_0001213900-16-016691_f8k082516ex99iii_nextgroup.htm,6715,1243
microsoft/phi-4,train,609,1430300_0000950152-08-005260_l32384aexv10w7.htm,1655,333
microsoft/phi-4,train,612,1466739_0001002014-12-000470_exh10-4.htm,5609,1063
microsoft/phi-4,train,613,1473637_0001432093-12-000764_ex10-34.htm,8033,1581
microsoft/phi-4,train,614,1475274_0001567619-17-000751_s001644x1_exd-2.htm,23175,4469
microsoft/phi-4,train,615,1485469_0001193125-19-222469_d760929dex99d3.htm,35147,6776
microsoft/phi-4,train,616,1487101_0001140361-19-008970_nc10001202x4_ex-d2.htm,24331,4609
microsoft/phi-4,train,617,1501697_0001193125-19-145463_d944716dex108.htm,6359,1187
microsoft/phi-4,train,618,1561604_0001193125-12-472390_d438799dex99d3.htm,25313,4918
microsoft/phi-4,train,619,1574111_0001193125-14-440569_d826999dex99d5.htm,14589,2754
microsoft/phi-4,train,620,1592288_0001193125-17-306543_d469659dex99e2.htm,22348,4247
microsoft/phi-4,train,621,1609351_0001193125-19-066373_d642137dex99d2.htm,20752,3899
microsoft/phi-4,train,622,1628908_0001193125-15-169530_d838828dex1016.htm,54571,11340
microsoft/phi-4,train,623,1689602_0001144204-16-140940_v455386_ex10-3.htm,18476,3489
microsoft/phi-4,train,624,1693664_0001193125-18-171470_d426098dex99d3.htm,24865,4726
microsoft/phi-4,dev,3,09-24-2019-04-25-05-3914910473.pdf,11142,2118
microsoft/phi-4,dev,7,1438076025NDA_28072015%20-%20AHPL.pdf,29838,5851
microsoft/phi-4,dev,9,17.04.01%20BPS%20Non-Disclosure%20and%20Data%20Sharing%20Agreement%20-%20Transportation%20Challenge%20vF.pdf,17304,3312
microsoft/phi-4,dev,10,180314-March-14-2018-SOW-M.pdf,12488,2493
microsoft/phi-4,dev,12,183.pdf,7689,1496
microsoft/phi-4,dev,13,20150916-model-sharing-non-disclosure-agreement.pdf,22109,4070
microsoft/phi-4,dev,14,245490.pdf,5516,1065
microsoft/phi-4,dev,15,2_waycda.pdf,4912,875
microsoft/phi-4,dev,16,3511_standard_nda.pdf,8949,1589
microsoft/phi-4,dev,17,36C25520Q0076-013.pdf,16072,2921
microsoft/phi-4,dev,19,426-2017_Appendix_C-Sample_Non-Disclosure_Agreement.pdf,7941,1574
microsoft/phi-4,dev,20,5-Appendix-Non-Disclosure-Agreement-Mutual.pdf,7022,1339
microsoft/phi-4,dev,27,AICPMutualNDA_1219166_writableV2.pdf,14192,2516
microsoft/phi-4,dev,28,ATI%20504%20US%20Mutual%20NDA.pdf,10339,1928
microsoft/phi-4,dev,29,Acme%20Corporation%20Inc%20NDA%20template.pdf,6126,1089
microsoft/phi-4,dev,32,Agreement_6_28_07.pdf,15314,2816
microsoft/phi-4,dev,33,Annex 18 - Non-Disclosure Agreement.pdf,12449,2542
microsoft/phi-4,dev,35,Annexure-3_Confidentiality-Agreement.pdf,22707,4566
microsoft/phi-4,dev,37,Attachment 9 -  Non Disclosure Agreement (Version 1).pdf,16713,3375
microsoft/phi-4,dev,39,Attachment%203%20-%20Confidentiality%20Release%20Form_201504131404512865.pdf,5837,1148
microsoft/phi-4,dev,44,BOMI%20Non-Disclosure%20Agreement.pdf,5925,1174
microsoft/phi-4,dev,45,BTS_NDA.pdf,6573,1246
microsoft/phi-4,dev,54,C_TERMS_NDA_EN.pdf,7731,1469
microsoft/phi-4,dev,56,annex-2-sample-non-disclosure-agreement.pdf,11831,2240
microsoft/phi-4,dev,61,ccporappdev-rfp-att8.pdf,12794,2449
microsoft/phi-4,dev,63,CI-Non-Disclosure-Agreement-an5h.pdf,11845,2131
microsoft/phi-4,dev,64,CNDA1218Draft3.pdf,32359,5742
microsoft/phi-4,dev,69,Confidentiality%20ND%20Agreement%209.pdf,17538,3246
microsoft/phi-4,dev,70,Confidentiality%20Non-Disclosure%20and%20Appropriate%20Use%20Agreement%20-%20FAU.01082016.pdf,6562,1243
microsoft/phi-4,dev,71,Confidentiality%20and%20Non-Disclosure%20Agreement%20%28CNA-1%29.pdf,3312,529
microsoft/phi-4,dev,72,Confidentiality%20and%20Non-Disclosure%20Agreement.pdf,15178,3005
microsoft/phi-4,dev,73,Confidentiality-and-Non-Disclosure-Agreement-LSI-ABC.pdf,32335,6243
microsoft/phi-4,dev,75,Confidentiality.pdf,8230,1477
microsoft/phi-4,dev,79,Confidentiality_and_Non-Disclosure_Agreement.pdf,7059,1394
microsoft/phi-4,dev,81,clearcenter-rnda.pdf,6927,1238
microsoft/phi-4,dev,82,confagree.pdf,5681,1118
microsoft/phi-4,dev,152,MNDA.pdf,6982,1320
microsoft/phi-4,dev,205,NDA-No-Reservations-Layer-8-Security.pdf,13609,2683
microsoft/phi-4,dev,381,109261_0000950172-02-002217_los283194.txt,13450,2778
microsoft/phi-4,dev,398,88190_0000950144-96-003474_document_2.txt,13544,2714
microsoft/phi-4,dev,405,804151_0000950144-97-007563_document_14.txt,14464,2724
microsoft/phi-4,dev,406,813562_0000950117-99-001205_document_14.txt,7635,1560
microsoft/phi-4,dev,411,859792_0001005477-96-000681_document_3.txt,9425,1958
microsoft/phi-4,dev,435,1013322_0000912057-00-023405_document_2.txt,6634,1187
microsoft/phi-4,dev,440,1016503_0000929624-00-000894_0010.txt,11299,2153
microsoft/phi-4,dev,456,1052303_0000950109-98-003654_document_16.txt,2270,442
microsoft/phi-4,dev,478,1096182_0001144204-06-021678_v043804_ex10-3.txt,12583,2462
microsoft/phi-4,dev,482,1100772_0001038838-02-000125_ex1032sb2no5.txt,5224,948
microsoft/phi-4,dev,486,1104332_0000950144-00-008876_ex10-26.txt,7303,1446
microsoft/phi-4,dev,488,1108244_0001012870-00-001650_document_32.txt,4323,771
microsoft/phi-4,dev,507,313522_0000912057-02-040085_a2091647zex-99_d3.htm,7339,1352
microsoft/phi-4,dev,547,1021097_0001047469-11-001653_a2202345zex-99_d10.htm,6959,1329
microsoft/phi-4,dev,563,1094814_0001140361-18-017998_s002178x1_ex99d7.htm,13208,2453
microsoft/phi-4,dev,575,1253176_0001193125-18-317778_d567323dex1024.htm,10059,2021
microsoft/phi-4,dev,582,912890_0001193125-11-030842_dex99d5.htm,13925,2597
microsoft/phi-4,dev,586,917639_0000912057-01-537118_a2062042zex-99_d7.htm,21537,4028
microsoft/phi-4,dev,590,1289434_0001047469-10-008010_a2200117zex-99_d3.htm,23756,4487
microsoft/phi-4,dev,595,1334303_0001193125-10-204560_dex99e5.htm,22852,4319
microsoft/phi-4,dev,598,1366649_0001193125-14-380778_d808213dex99d2.htm,12488,2265
microsoft/phi-4,dev,605,1392091_0000950123-11-021325_c13551exv99w7.htm,12346,2488
microsoft/phi-4,dev,610,1452751_0001193125-17-086167_d334994dex99e3.htm,18040,3300
microsoft/phi-4,test,1, 064-19 Non Disclosure Agreement 2019.pdf,16632,3055
microsoft/phi-4,test,2,01_Bosch-Automotive-Service-Solutions-Mutual-Non-Disclosure-Agreement-7-12-17.pdf,15297,2908
microsoft/phi-4,test,4,118.3-Non-disclosure-agreement.pdf,2405,497
microsoft/phi-4,test,5,12032018_NDA_The%20Munt_EN.pdf,6887,1481
microsoft/phi-4,test,6,130806ca141.pdf,8715,1637
microsoft/phi-4,test,8,1588052992CCTV%20Non%20Disclosure%20Agreement.pdf,5751,1184
microsoft/phi-4,test,11,18268-001%20Rev%20B%20Form%20Version%20in%20PDF.pdf,12207,2251
microsoft/phi-4,test,18,41629_1.pdf,6225,1264
microsoft/phi-4,test,21,5-NSK-Confidentiality-Agreement-for-Suppliers.pdf,12238,2460
microsoft/phi-4,test,22,54c808c1b20e4490b1300ad2ce3b9649.pdf,7808,1527
microsoft/phi-4,test,23,59b1148ff6952b0001bdbedc_20170907_non%20disclosure%20agreement_expert.pdf,15198,3157
microsoft/phi-4,test,24,5bfbcabf0627e70bdcfc5b32_nda-ready4s.pdf,9814,2086
microsoft/phi-4,test,25,ADVANIDE-NON-DISCLOSURE-AGREEMENT.pdf,6182,1251
microsoft/phi-4,test,26,AGProjects-NDA.pdf,8418,1660
microsoft/phi-4,test,30,AfriGIS_Client-NDA_Template_2019.pdf,24090,4672
microsoft/phi-4,test,31,Agency-Lending-Disclosure_A-Z-Guide_Appendix_Sample-Confidentiality-Agreements.pdf,5757,1063
microsoft/phi-4,test,36,Aspiegel_NDA_template.pdf,12909,2442
microsoft/phi-4,test,38,Attachment B - Intent to Propose and Non-Disclosure Agreement.pdf,17211,3243
microsoft/phi-4,test,40,Attachment%20J.2%20-%20Non-Disclosure%20Agreement%20-Technology%20Services.pdf,2892,533
microsoft/phi-4,test,41,Attachment-I-Non-DisclosureAgreementContractor.pdf,10543,1973
microsoft/phi-4,test,42,BCG-Mutual-NDA.pdf,8625,1682
microsoft/phi-4,test,43,BO115-07-non-disclosure-agreement.pdf,9564,1906
microsoft/phi-4,test,46,BT_NDA.pdf,10548,1993
microsoft/phi-4,test,47,BaconNon-Disclosure.pdf,4116,807
microsoft/phi-4,test,48,Basic-Non-Disclosure-Agreement.pdf,5292,961
microsoft/phi-4,test,49,Bio-FIP-EOI-NDA.pdf,14712,2881
microsoft/phi-4,test,50,Business-Sale-Non-Disclosure-Agreement.pdf,4944,966
microsoft/phi-4,test,51,CA-Nov14-Doc.5.14%20-%20Template%20Confidentiality%20Agreement.pdf,6016,1137
microsoft/phi-4,test,52,CBP%20Non-Disclosure%20Form_October2018.pdf,12918,2530
microsoft/phi-4,test,53,CCS-Salt-Cavern-RfP-NDA.pdf,14759,2893
microsoft/phi-4,test,55,amc-general-mutual-non-disclosure-agreement-en-gb.pdf,10403,1902
microsoft/phi-4,test,57,annex-iii---nda-agreement..pdf,4008,776
microsoft/phi-4,test,58,appendix-g-nda-form.pdf,41779,7861
microsoft/phi-4,test,59,buyer_profile.pdf,9345,1944
microsoft/phi-4,test,60,casino-nondisclosure-agmt.pdf,5179,950
microsoft/phi-4,test,62,ceii-and-nda.pdf,16684,3044
microsoft/phi-4,test,65,CON-NDA-PTL-01-2012-v1%20Non-Disclosure%20Agreement%20and%20Checklist.pdf,13725,2634
microsoft/phi-4,test,66,Clause-de-non-divulgation.pdf,7370,1465
microsoft/phi-4,test,67,ConfidNonDisclosureAgree.pdf,6425,1229
microsoft/phi-4,test,68,Confidentiality%20Agreement.pdf,25167,4701
microsoft/phi-4,test,74,Confidentiality-and-Nondisclosure-Agreement-Template.pdf,6966,1281
microsoft/phi-4,test,76,ConfidentialityAgreement.pdf,8351,1607
microsoft/phi-4,test,77,Confidentiality_Agreement_1.pdf,3244,617
microsoft/phi-4,test,78,Confidentiality_Non-Disclosure_Agreement.pdf,11066,2012
microsoft/phi-4,test,80,Confidentiality_and_Non-Disclosure_Agreement_Rev_10-20-16.pdf,9689,1798
microsoft/phi-4,test,83,confidentiality-agreement.pdf,6686,1208
microsoft/phi-4,test,84,confidentiality_agreement.pdf,5939,1126
microsoft/phi-4,test,85,confidentialityandnondisclosureagreement.pdf,3510,723
microsoft/phi-4,test,90,Data_Use_and_Non_Disclosure_Data_Disclosed_to_MDCH_Trauma_Registry_Final_465518_7.pdf,4451,789
microsoft/phi-4,test,97,dhs-nda.pdf,12918,2530
microsoft/phi-4,test,99,eHandshake_Non_Disclosure_Agreement.pdf,6913,1318
microsoft/phi-4,test,117,Generic-NDA-Pitch-Deck-Fire.pdf,5099,965
microsoft/phi-4,test,127,ICTSC-NDA-General-MandA-signed.pdf,5578,1097
microsoft/phi-4,test,129,"IMOA%20Molybdenum%20Consortium%20NDA%20Agreement%20amended%20Jan%2008,%20valid%20March%2009%20onwards.pdf",10089,1952
microsoft/phi-4,test,138,LMS_Non_Disclosure_Agreement.pdf,6143,1183
microsoft/phi-4,test,157,MUTUAL_NDA.pdf,5810,1080
microsoft/phi-4,test,165,Mutual-Non-Disclosure-Agreement-Inventor-Product-Development-Experts-Inc..pdf,8752,1542
microsoft/phi-4,test,181,mutual-non-disclosure-agreement.pdf,8248,1626
microsoft/phi-4,test,190,nda_9.pdf,7685,1457
microsoft/phi-4,test,212,NDA-Template-Media-News-Group-inc.pdf,10193,1920
microsoft/phi-4,test,213,NDA-Urban_Wind_Turbines.pdf,8174,1712
microsoft/phi-4,test,218,NDAMutualTemplateClientFill.pdf,9845,1814
microsoft/phi-4,test,225,NDA_ResConnect.pdf,3456,649
microsoft/phi-4,test,227,NDA_Street_Stream_Franchise.pdf,20823,4110
microsoft/phi-4,test,228,NDA_V3.pdf,5947,1194
microsoft/phi-4,test,289,Non-Disclosure-Agreement-NDA.pdf,4417,938
microsoft/phi-4,test,293,Non-Disclosure-Secrecy-Agreement.pdf,1231,317
microsoft/phi-4,test,296,Non-Disclosure-form_1.pdf,10027,1877
microsoft/phi-4,test,301,NonDisclosureAgreementNDASAMITT20190002v2.pdf,4733,1017
microsoft/phi-4,test,307,non-disclosure-agreement-en.pdf,9614,1882
microsoft/phi-4,test,310,non-disclosure-agreement-template.pdf,4853,879
microsoft/phi-4,test,321,Pitch-Deck-Fire-Workshop-NDA-2.2017.pdf,5740,1081
microsoft/phi-4,test,336,SAMED%20confidentiality%20non%20disclosure%20and%20conflict%20of%20interest%20agreement%20for%20board%20and%20committee%20members%20ver%201.pdf,11535,2313
microsoft/phi-4,test,354,Template-NDA-2-way-final-1.pdf,9357,1775
microsoft/phi-4,test,357,UALR-Standard-Non-disclosure-AgreementTemplate.pdf,4957,891
microsoft/phi-4,test,361,VELCO%20NDA%20rev0%20Dec%2014%202015.pdf,11657,2301
microsoft/phi-4,test,387,65781_0000950123-00-009565_y41542ex99-d_3.txt,8580,1711
microsoft/phi-4,test,389,71297_0000071297-97-000059_document_6.txt,3758,788
microsoft/phi-4,test,392,768384_0000912057-00-018619_document_8.txt,8777,1635
microsoft/phi-4,test,395,86115_0000930661-99-001321_document_3.txt,18371,3799
microsoft/phi-4,test,400,96238_0000950116-97-001823_document_13.txt,13912,2675
microsoft/phi-4,test,401,1002276_0001036050-99-002047_document_13.txt,9817,1884
microsoft/phi-4,test,408,817516_0001014909-05-000102_exh99_4sept2005.txt,12478,2569
microsoft/phi-4,test,412,880458_0001021408-01-510269_dex1087.txt,18295,3662
microsoft/phi-4,test,413,883905_0001095811-01-000469_f68556ex99-d12.txt,6087,1141
microsoft/phi-4,test,429,934545_0000891618-99-004640_document_2.txt,7971,1493
microsoft/phi-4,test,432,1010471_0000950134-97-006281_document_5.txt,21514,4466
microsoft/phi-4,test,433,1011671_0000936392-99-000246_document_46.txt,10104,1885
microsoft/phi-4,test,444,1021086_0000950162-99-000581_document_3.txt,18416,3816
microsoft/phi-4,test,446,1023734_0000912057-96-023266_document_16.txt,1606,308
microsoft/phi-4,test,451,1042282_0000893220-02-000791_e61414toexv99wxdywx1y.txt,7718,1499
microsoft/phi-4,test,452,1043003_0000950170-98-000097_document_12.txt,5240,910
microsoft/phi-4,test,455,1050277_0001047469-99-000663_document_7.txt,2508,487
microsoft/phi-4,test,465,1073090_0001356564-06-000012_sorell10ksbamend2x102.txt,14366,2975
microsoft/phi-4,test,471,1084000_0001144204-06-046785_v056501_ex10-16.txt,7562,1470
microsoft/phi-4,test,476,1095558_0000944209-00-000518_document_3.txt,10009,1846
microsoft/phi-4,test,493,1120792_0001019687-05-002206_morgan_10qex5-2.txt,8193,1610
microsoft/phi-4,test,496,1125892_0000950133-00-004441_w41075a1ex10-7.txt,12651,2427
microsoft/phi-4,test,497,1138169_0001050234-02-000002_ex10h.txt,7483,1448
microsoft/phi-4,test,498,1173495_0001047469-03-033872_a2118144zex-10_12.txt,10611,2029
microsoft/phi-4,test,521,802724_0001193125-15-331613_d96542dex99d5.htm,40554,7740
microsoft/phi-4,test,523,814457_0000950137-04-009790_c89545exv99wxdyx6y.htm,16383,3086
microsoft/phi-4,test,526,850313_0000950149-07-000090_f28028toexv99wxdyx2y.htm,12265,2326
microsoft/phi-4,test,537,912263_0001047469-12-006662_a2209873zex-99_d2.htm,23747,4632
microsoft/phi-4,test,539,912263_0001193125-12-285724_d371520dex99e4.htm,23765,4631
microsoft/phi-4,test,540,1001113_0000950134-07-005231_f27921orexv99wxdyx3y.htm,9227,1708
microsoft/phi-4,test,542,1010552_0000912057-01-520246_a2051644zex-99_20.htm,18470,3486
microsoft/phi-4,test,543,1011344_0001193125-08-097987_dex99d5.htm,7276,1399
microsoft/phi-4,test,544,1012887_0001193125-07-165503_dex99d6.htm,11336,2144
microsoft/phi-4,test,546,1020416_0001193125-16-701566_d250247dex99d2.htm,33478,6243
microsoft/phi-4,test,549,1041550_0001193125-19-004977_d663808dex106.htm,29312,5516
microsoft/phi-4,test,552,1049210_0001047469-13-009461_a2216846zex-99_d3.htm,15556,3047
microsoft/phi-4,test,555,1062478_0001193125-14-442753_d838170dex3.htm,13399,2645
microsoft/phi-4,test,558,1084817_0001193125-14-004957_d648340dex99e2.htm,9802,1836
microsoft/phi-4,test,564,1096147_0001193125-08-206038_dex4.htm,19913,3703
microsoft/phi-4,test,565,1109551_0000912057-02-024714_a2082535zex-99_d3.htm,20047,3772
microsoft/phi-4,test,584,915191_0001047469-17-003155_a2231967zex-99_8.htm,16171,3126
microsoft/phi-4,test,585,916457_0000916457-14-000028_exhibit104-confidentiality.htm,10211,1970
microsoft/phi-4,test,591,1316898_0001047469-18-005618_a2236490zex-99_d2.htm,26190,4835
microsoft/phi-4,test,596,1335239_0001019687-14-003760_epazz_ex1034.htm,13805,2902
microsoft/phi-4,test,600,1367408_0001367408-06-000002_risb2ex106.htm,5048,1035
microsoft/phi-4,test,606,1402305_0001193125-11-343865_d268167dex99d2.htm,23027,4264
microsoft/phi-4,test,611,1457829_0000898822-13-000086_exhibit-ndaexecutionversion.htm,22377,4517
